id,timestamp,left dilation,right dilation,left closed,right closed 
0,03/22/2021 10:59:41.785,-1,-1,False,False
1,03/22/2021 10:59:41.806,-1,-1,False,False
2,03/22/2021 10:59:42.340,-1,-1,False,False
3,03/22/2021 10:59:42.389,-1,-1,False,False
4,03/22/2021 10:59:42.404,-1,-1,False,False
5,03/22/2021 10:59:42.416,-1,-1,False,False
6,03/22/2021 10:59:42.429,-1,-1,False,False
7,03/22/2021 10:59:42.441,-1,-1,False,False
8,03/22/2021 10:59:42.454,-1,-1,False,False
9,03/22/2021 10:59:42.467,-1,-1,False,False
10,03/22/2021 10:59:42.479,-1,-1,False,False
11,03/22/2021 10:59:42.492,-1,-1,False,False
12,03/22/2021 10:59:42.504,-1,-1,False,False
13,03/22/2021 10:59:42.516,-1,-1,False,False
14,03/22/2021 10:59:42.529,-1,-1,False,False
15,03/22/2021 10:59:42.541,-1,-1,False,False
16,03/22/2021 10:59:42.553,-1,-1,False,False
17,03/22/2021 10:59:42.570,-1,-1,False,False
18,03/22/2021 10:59:42.582,-1,-1,False,False
19,03/22/2021 10:59:42.596,-1,-1,False,False
20,03/22/2021 10:59:42.608,-1,-1,False,False
21,03/22/2021 10:59:42.621,-1,-1,False,False
22,03/22/2021 10:59:42.632,-1,-1,False,False
23,03/22/2021 10:59:42.646,-1,-1,False,False
24,03/22/2021 10:59:42.658,-1,-1,False,False
25,03/22/2021 10:59:42.671,-1,-1,False,False
26,03/22/2021 10:59:42.684,-1,-1,False,False
27,03/22/2021 10:59:42.696,-1,-1,False,False
28,03/22/2021 10:59:42.710,-1,-1,False,False
29,03/22/2021 10:59:42.724,-1,-1,False,False
30,03/22/2021 10:59:42.737,-1,-1,False,False
31,03/22/2021 10:59:42.749,-1,-1,False,False
32,03/22/2021 10:59:42.762,-1,-1,False,False
33,03/22/2021 10:59:42.774,-1,-1,False,False
34,03/22/2021 10:59:42.786,-1,-1,False,False
35,03/22/2021 10:59:42.799,-1,-1,False,False
36,03/22/2021 10:59:42.811,-1,-1,False,False
37,03/22/2021 10:59:42.823,-1,-1,False,False
38,03/22/2021 10:59:42.836,-1,-1,False,False
39,03/22/2021 10:59:42.849,-1,-1,False,False
40,03/22/2021 10:59:42.861,-1,-1,False,False
41,03/22/2021 10:59:42.874,-1,-1,False,False
42,03/22/2021 10:59:42.887,-1,-1,False,False
43,03/22/2021 10:59:42.899,-1,-1,False,False
44,03/22/2021 10:59:42.912,-1,-1,False,False
45,03/22/2021 10:59:42.925,-1,-1,False,False
46,03/22/2021 10:59:42.936,-1,-1,False,False
47,03/22/2021 10:59:42.949,-1,-1,False,False
48,03/22/2021 10:59:42.962,-1,-1,False,False
49,03/22/2021 10:59:42.975,-1,-1,False,False
50,03/22/2021 10:59:42.987,-1,-1,False,False
51,03/22/2021 10:59:42.999,-1,-1,False,False
52,03/22/2021 10:59:43.012,-1,-1,False,False
53,03/22/2021 10:59:43.025,-1,-1,False,False
54,03/22/2021 10:59:43.038,-1,-1,False,False
55,03/22/2021 10:59:43.052,-1,-1,False,False
56,03/22/2021 10:59:43.066,-1,-1,False,False
57,03/22/2021 10:59:43.078,-1,-1,False,False
58,03/22/2021 10:59:43.091,-1,-1,False,False
59,03/22/2021 10:59:43.105,-1,-1,False,False
60,03/22/2021 10:59:43.119,-1,-1,False,False
61,03/22/2021 10:59:43.132,-1,-1,False,False
62,03/22/2021 10:59:43.144,-1,-1,False,False
63,03/22/2021 10:59:43.156,-1,-1,False,False
64,03/22/2021 10:59:43.169,-1,-1,False,False
65,03/22/2021 10:59:43.182,-1,-1,False,False
66,03/22/2021 10:59:43.194,-1,-1,False,False
67,03/22/2021 10:59:43.206,-1,-1,False,False
68,03/22/2021 10:59:43.217,-1,-1,False,False
69,03/22/2021 10:59:43.228,-1,-1,False,False
70,03/22/2021 10:59:43.241,-1,-1,False,False
71,03/22/2021 10:59:43.253,-1,-1,False,False
72,03/22/2021 10:59:43.266,-1,-1,False,False
73,03/22/2021 10:59:43.278,-1,-1,False,False
74,03/22/2021 10:59:43.290,-1,-1,False,False
75,03/22/2021 10:59:43.311,-1,-1,False,False
76,03/22/2021 10:59:43.332,-1,-1,False,False
77,03/22/2021 10:59:43.353,1.735062,-1,False,False
78,03/22/2021 10:59:43.376,-1,-1,False,False
79,03/22/2021 10:59:43.399,-1,-1,False,False
80,03/22/2021 10:59:43.421,-1,-1,False,False
81,03/22/2021 10:59:43.443,-1,-1,False,False
82,03/22/2021 10:59:43.465,-1,-1,False,False
83,03/22/2021 10:59:43.487,-1,-1,False,False
84,03/22/2021 10:59:43.509,-1,-1,False,False
85,03/22/2021 10:59:43.532,-1,-1,False,False
86,03/22/2021 10:59:43.554,-1,-1,False,False
87,03/22/2021 10:59:43.576,-1,-1,False,False
88,03/22/2021 10:59:43.599,-1,-1,False,False
89,03/22/2021 10:59:43.620,-1,-1,False,False
90,03/22/2021 10:59:43.643,-1,-1,False,False
91,03/22/2021 10:59:43.666,-1,-1,False,False
92,03/22/2021 10:59:43.687,-1,-1,False,False
93,03/22/2021 10:59:43.710,-1,-1,False,False
94,03/22/2021 10:59:43.731,-1,-1,False,False
95,03/22/2021 10:59:43.753,-1,-1,False,False
96,03/22/2021 10:59:43.765,-1,-1,False,False
97,03/22/2021 10:59:43.777,-1,-1,False,False
98,03/22/2021 10:59:43.790,-1,-1,False,False
99,03/22/2021 10:59:43.802,-1,-1,False,False
100,03/22/2021 10:59:43.814,-1,-1,False,False
101,03/22/2021 10:59:43.826,-1,-1,False,False
102,03/22/2021 10:59:43.838,-1,-1,False,False
103,03/22/2021 10:59:43.850,-1,-1,False,False
104,03/22/2021 10:59:43.862,-1,-1,False,False
105,03/22/2021 10:59:43.874,-1,-1,False,False
106,03/22/2021 10:59:43.887,-1,-1,False,False
107,03/22/2021 10:59:43.899,-1,-1,False,False
108,03/22/2021 10:59:43.912,-1,-1,False,False
109,03/22/2021 10:59:43.929,-1,-1,False,False
110,03/22/2021 10:59:43.942,-1,-1,False,False
111,03/22/2021 10:59:43.955,-1,-1,False,False
112,03/22/2021 10:59:43.968,-1,-1,False,False
113,03/22/2021 10:59:43.980,-1,-1,False,False
114,03/22/2021 10:59:43.993,-1,-1,False,False
115,03/22/2021 10:59:44.006,-1,-1,False,False
116,03/22/2021 10:59:44.019,-1,-1,False,False
117,03/22/2021 10:59:44.032,-1,-1,False,False
118,03/22/2021 10:59:44.045,-1,-1,False,False
119,03/22/2021 10:59:44.060,-1,-1,False,False
120,03/22/2021 10:59:44.074,-1,-1,False,False
121,03/22/2021 10:59:44.086,-1,-1,False,False
122,03/22/2021 10:59:44.097,-1,-1,False,False
123,03/22/2021 10:59:44.111,-1,-1,False,False
124,03/22/2021 10:59:44.123,-1,-1,False,False
125,03/22/2021 10:59:44.135,-1,-1,False,False
126,03/22/2021 10:59:44.153,-1,-1,False,False
127,03/22/2021 10:59:44.175,-1,-1,False,False
128,03/22/2021 10:59:44.198,-1,-1,False,False
129,03/22/2021 10:59:44.220,-1,-1,False,False
130,03/22/2021 10:59:44.244,-1,-1,False,False
131,03/22/2021 10:59:44.264,-1,-1,False,False
132,03/22/2021 10:59:44.286,-1,-1,False,False
133,03/22/2021 10:59:44.309,-1,-1,False,False
134,03/22/2021 10:59:44.331,-1,-1,False,False
135,03/22/2021 10:59:44.353,-1,-1,False,False
136,03/22/2021 10:59:44.375,-1,-1,False,False
137,03/22/2021 10:59:44.398,-1,-1,False,False
138,03/22/2021 10:59:44.421,-1,-1,False,False
139,03/22/2021 10:59:44.443,-1,-1,False,False
140,03/22/2021 10:59:44.465,-1,-1,False,False
141,03/22/2021 10:59:44.487,-1,-1,False,False
142,03/22/2021 10:59:44.510,-1,-1,False,False
143,03/22/2021 10:59:44.531,-1,-1,False,False
144,03/22/2021 10:59:44.553,-1,-1,False,False
145,03/22/2021 10:59:44.575,-1,-1,False,False
146,03/22/2021 10:59:44.597,-1,-1,False,False
147,03/22/2021 10:59:44.619,-1,-1,False,False
148,03/22/2021 10:59:44.631,-1,-1,False,False
149,03/22/2021 10:59:44.644,-1,-1,False,False
150,03/22/2021 10:59:44.655,-1,-1,False,False
151,03/22/2021 10:59:44.668,-1,-1,False,False
152,03/22/2021 10:59:44.680,-1,-1,False,False
153,03/22/2021 10:59:44.692,-1,-1,False,False
154,03/22/2021 10:59:44.704,-1,-1,False,False
155,03/22/2021 10:59:44.716,-1,-1,False,False
156,03/22/2021 10:59:44.728,-1,-1,False,False
157,03/22/2021 10:59:44.741,-1,-1,False,False
158,03/22/2021 10:59:44.753,-1,-1,False,False
159,03/22/2021 10:59:44.766,-1,-1,False,False
160,03/22/2021 10:59:44.778,-1,-1,False,False
161,03/22/2021 10:59:44.791,-1,-1,False,False
162,03/22/2021 10:59:44.804,-1,-1,False,False
163,03/22/2021 10:59:44.816,-1,-1,False,False
164,03/22/2021 10:59:44.829,-1,-1,False,False
165,03/22/2021 10:59:44.841,-1,-1,False,False
166,03/22/2021 10:59:44.853,-1,-1,False,False
167,03/22/2021 10:59:44.865,-1,-1,False,False
168,03/22/2021 10:59:44.878,-1,-1,False,False
169,03/22/2021 10:59:44.892,-1,-1,False,False
170,03/22/2021 10:59:44.904,-1,-1,False,False
171,03/22/2021 10:59:44.917,-1,-1,False,False
172,03/22/2021 10:59:44.930,-1,-1,False,False
173,03/22/2021 10:59:44.942,-1,-1,False,False
174,03/22/2021 10:59:44.955,-1,-1,False,False
175,03/22/2021 10:59:44.967,-1,-1,False,False
176,03/22/2021 10:59:44.979,-1,-1,False,False
177,03/22/2021 10:59:44.991,-1,-1,False,False
178,03/22/2021 10:59:45.004,-1,-1,False,False
179,03/22/2021 10:59:45.016,-1,-1,False,False
180,03/22/2021 10:59:45.027,-1,-1,False,False
181,03/22/2021 10:59:45.042,-1,-1,False,False
182,03/22/2021 10:59:45.066,-1,-1,False,False
183,03/22/2021 10:59:45.087,-1,-1,False,False
184,03/22/2021 10:59:45.108,-1,-1,False,False
185,03/22/2021 10:59:45.130,-1,-1,False,False
186,03/22/2021 10:59:45.153,-1,-1,False,False
187,03/22/2021 10:59:45.175,-1,-1,False,False
188,03/22/2021 10:59:45.199,-1,-1,False,False
189,03/22/2021 10:59:45.220,-1,-1,False,False
190,03/22/2021 10:59:45.242,-1,-1,False,False
191,03/22/2021 10:59:45.263,-1,-1,False,False
192,03/22/2021 10:59:45.286,-1,-1,False,False
193,03/22/2021 10:59:45.308,-1,-1,False,False
194,03/22/2021 10:59:45.333,-1,-1,False,False
195,03/22/2021 10:59:45.353,-1,-1,False,False
196,03/22/2021 10:59:45.376,-1,-1,False,False
197,03/22/2021 10:59:45.398,-1,-1,False,False
198,03/22/2021 10:59:45.420,-1,-1,False,False
199,03/22/2021 10:59:45.442,-1,-1,False,False
200,03/22/2021 10:59:45.465,-1,-1,False,False
201,03/22/2021 10:59:45.486,-1,-1,False,False
202,03/22/2021 10:59:45.509,-1,-1,False,False
203,03/22/2021 10:59:45.522,-1,-1,False,False
204,03/22/2021 10:59:45.533,-1,-1,False,False
205,03/22/2021 10:59:45.545,-1,-1,False,False
206,03/22/2021 10:59:45.557,-1,-1,False,False
207,03/22/2021 10:59:45.569,-1,-1,False,False
208,03/22/2021 10:59:45.581,-1,-1,False,False
209,03/22/2021 10:59:45.593,-1,-1,False,False
210,03/22/2021 10:59:45.606,-1,-1,False,False
211,03/22/2021 10:59:45.617,-1,-1,False,False
212,03/22/2021 10:59:45.630,-1,-1,False,False
213,03/22/2021 10:59:45.642,-1,-1,False,False
214,03/22/2021 10:59:45.654,-1,-1,False,False
215,03/22/2021 10:59:45.667,-1,-1,False,False
216,03/22/2021 10:59:45.679,-1,-1,False,False
217,03/22/2021 10:59:45.693,-1,-1,False,False
218,03/22/2021 10:59:45.705,-1,-1,False,False
219,03/22/2021 10:59:45.717,-1,-1,False,False
220,03/22/2021 10:59:45.729,-1,-1,False,False
221,03/22/2021 10:59:45.741,-1,-1,False,False
222,03/22/2021 10:59:45.753,-1,-1,False,False
223,03/22/2021 10:59:45.765,-1,-1,False,False
224,03/22/2021 10:59:45.777,-1,-1,False,False
225,03/22/2021 10:59:45.789,-1,-1,False,False
226,03/22/2021 10:59:45.801,-1,-1,False,False
227,03/22/2021 10:59:45.814,-1,-1,False,False
228,03/22/2021 10:59:45.827,-1,-1,False,False
229,03/22/2021 10:59:45.839,-1,-1,False,False
230,03/22/2021 10:59:45.851,-1,-1,False,False
231,03/22/2021 10:59:45.863,-1,-1,False,False
232,03/22/2021 10:59:45.875,-1,-1,False,False
233,03/22/2021 10:59:45.887,-1,-1,False,False
234,03/22/2021 10:59:45.899,-1,-1,False,False
235,03/22/2021 10:59:45.920,-1,-1,False,False
236,03/22/2021 10:59:45.942,-1,-1,False,False
237,03/22/2021 10:59:45.965,-1,-1,False,False
238,03/22/2021 10:59:45.986,-1,-1,False,False
239,03/22/2021 10:59:46.008,-1,-1,False,False
240,03/22/2021 10:59:46.030,-1,-1,False,False
241,03/22/2021 10:59:46.052,-1,-1,False,False
242,03/22/2021 10:59:46.076,-1,-1,False,False
243,03/22/2021 10:59:46.097,-1,-1,False,False
244,03/22/2021 10:59:46.119,-1,-1,False,False
245,03/22/2021 10:59:46.142,-1,-1,False,False
246,03/22/2021 10:59:46.166,-1,-1,False,False
247,03/22/2021 10:59:46.186,-1,-1,False,False
248,03/22/2021 10:59:46.209,-1,-1,False,False
249,03/22/2021 10:59:46.231,-1,-1,False,False
250,03/22/2021 10:59:46.253,-1,-1,False,False
251,03/22/2021 10:59:46.276,-1,-1,False,False
252,03/22/2021 10:59:46.298,-1,-1,False,False
253,03/22/2021 10:59:46.320,-1,-1,False,False
254,03/22/2021 10:59:46.342,-1,-1,False,False
255,03/22/2021 10:59:46.364,-1,-1,False,False
256,03/22/2021 10:59:46.376,-1,-1,False,False
257,03/22/2021 10:59:46.388,-1,-1,False,False
258,03/22/2021 10:59:46.399,-1,-1,False,False
259,03/22/2021 10:59:46.410,-1,-1,False,False
260,03/22/2021 10:59:46.421,-1,-1,False,False
261,03/22/2021 10:59:46.433,-1,-1,False,False
262,03/22/2021 10:59:46.445,-1,-1,False,False
263,03/22/2021 10:59:46.457,-1,-1,False,False
264,03/22/2021 10:59:46.470,-1,-1,False,False
265,03/22/2021 10:59:46.482,-1,-1,False,False
266,03/22/2021 10:59:46.494,-1,-1,False,False
267,03/22/2021 10:59:46.506,-1,-1,False,False
268,03/22/2021 10:59:46.518,-1,-1,False,False
269,03/22/2021 10:59:46.531,-1,-1,False,False
270,03/22/2021 10:59:46.545,-1,-1,False,False
271,03/22/2021 10:59:46.557,-1,-1,False,False
272,03/22/2021 10:59:46.569,-1,-1,False,False
273,03/22/2021 10:59:46.581,-1,-1,False,False
274,03/22/2021 10:59:46.593,-1,-1,False,False
275,03/22/2021 10:59:46.605,-1,-1,False,False
276,03/22/2021 10:59:46.617,-1,-1,False,False
277,03/22/2021 10:59:46.630,-1,-1,False,False
278,03/22/2021 10:59:46.642,-1,-1,False,False
279,03/22/2021 10:59:46.656,-1,-1,False,False
280,03/22/2021 10:59:46.669,-1,-1,False,False
281,03/22/2021 10:59:46.682,-1,-1,False,False
282,03/22/2021 10:59:46.695,-1,-1,False,False
283,03/22/2021 10:59:46.707,-1,-1,False,False
284,03/22/2021 10:59:46.719,-1,-1,False,False
285,03/22/2021 10:59:46.730,-1,-1,False,False
286,03/22/2021 10:59:46.748,-1,-1,False,False
287,03/22/2021 10:59:46.759,-1,-1,False,False
288,03/22/2021 10:59:46.775,-1,-1,False,False
289,03/22/2021 10:59:46.796,-1,-1,False,False
290,03/22/2021 10:59:46.821,-1,-1,False,False
291,03/22/2021 10:59:46.841,-1,-1,False,False
292,03/22/2021 10:59:46.864,-1,-1,False,False
293,03/22/2021 10:59:46.887,-1,-1,False,False
294,03/22/2021 10:59:46.908,-1,-1,False,False
295,03/22/2021 10:59:46.931,-1,-1,False,False
296,03/22/2021 10:59:46.952,-1,-1,False,False
297,03/22/2021 10:59:46.974,-1,-1,False,False
298,03/22/2021 10:59:46.996,-1,-1,False,False
299,03/22/2021 10:59:47.019,-1,-1,False,False
300,03/22/2021 10:59:47.041,-1,-1,False,False
301,03/22/2021 10:59:47.064,-1,-1,False,False
302,03/22/2021 10:59:47.086,-1,-1,False,False
303,03/22/2021 10:59:47.108,-1,-1,False,False
304,03/22/2021 10:59:47.130,-1,-1,False,False
305,03/22/2021 10:59:47.153,-1,-1,False,False
306,03/22/2021 10:59:47.176,-1,-1,False,False
307,03/22/2021 10:59:47.197,-1,-1,False,False
308,03/22/2021 10:59:47.219,-1,-1,False,False
309,03/22/2021 10:59:47.242,-1,-1,False,False
310,03/22/2021 10:59:47.254,-1,-1,False,False
311,03/22/2021 10:59:47.266,-1,-1,False,False
312,03/22/2021 10:59:47.278,-1,-1,False,False
313,03/22/2021 10:59:47.290,-1,-1,False,False
314,03/22/2021 10:59:47.302,-1,-1,False,False
315,03/22/2021 10:59:47.313,-1,-1,False,False
316,03/22/2021 10:59:47.326,-1,-1,False,False
317,03/22/2021 10:59:47.338,-1,-1,False,False
318,03/22/2021 10:59:47.351,-1,-1,False,False
319,03/22/2021 10:59:47.364,-1,-1,False,False
320,03/22/2021 10:59:47.377,-1,-1,False,False
321,03/22/2021 10:59:47.389,-1,-1,False,False
322,03/22/2021 10:59:47.402,-1,-1,False,False
323,03/22/2021 10:59:47.414,-1,-1,False,False
324,03/22/2021 10:59:47.426,-1,-1,False,False
325,03/22/2021 10:59:47.438,-1,-1,False,False
326,03/22/2021 10:59:47.450,-1,-1,False,False
327,03/22/2021 10:59:47.462,-1,-1,False,False
328,03/22/2021 10:59:47.474,-1,-1,False,False
329,03/22/2021 10:59:47.486,-1,-1,False,False
330,03/22/2021 10:59:47.498,-1,-1,False,False
331,03/22/2021 10:59:47.509,-1,-1,False,False
332,03/22/2021 10:59:47.521,-1,-1,False,False
333,03/22/2021 10:59:47.533,-1,-1,False,False
334,03/22/2021 10:59:47.545,-1,-1,False,False
335,03/22/2021 10:59:47.558,-1,-1,False,False
336,03/22/2021 10:59:47.570,-1,-1,False,False
337,03/22/2021 10:59:47.584,-1,-1,False,False
338,03/22/2021 10:59:47.598,-1,-1,False,False
339,03/22/2021 10:59:47.610,-1,-1,False,False
340,03/22/2021 10:59:47.623,-1,-1,False,False
341,03/22/2021 10:59:47.641,-1,-1,False,False
342,03/22/2021 10:59:47.664,-1,-1,False,False
343,03/22/2021 10:59:47.685,-1,-1,False,False
344,03/22/2021 10:59:47.708,-1,-1,False,False
345,03/22/2021 10:59:47.729,-1,-1,False,False
346,03/22/2021 10:59:47.751,-1,-1,False,False
347,03/22/2021 10:59:47.775,-1,-1,False,False
348,03/22/2021 10:59:47.796,-1,-1,False,False
349,03/22/2021 10:59:47.819,-1,-1,False,False
350,03/22/2021 10:59:47.841,-1,-1,False,False
351,03/22/2021 10:59:47.864,-1,-1,False,False
352,03/22/2021 10:59:47.886,-1,-1,False,False
353,03/22/2021 10:59:47.908,-1,-1,False,False
354,03/22/2021 10:59:47.929,-1,-1,False,False
355,03/22/2021 10:59:47.951,-1,-1,False,False
356,03/22/2021 10:59:47.975,-1,-1,False,False
357,03/22/2021 10:59:47.996,-1,-1,False,False
358,03/22/2021 10:59:48.020,-1,-1,False,False
359,03/22/2021 10:59:48.042,-1,-1,False,False
360,03/22/2021 10:59:48.064,-1,-1,False,False
361,03/22/2021 10:59:48.086,-1,-1,False,False
362,03/22/2021 10:59:48.100,-1,-1,False,False
363,03/22/2021 10:59:48.113,-1,-1,False,False
364,03/22/2021 10:59:48.125,-1,-1,False,False
365,03/22/2021 10:59:48.137,-1,-1,False,False
366,03/22/2021 10:59:48.149,-1,-1,False,False
367,03/22/2021 10:59:48.162,-1,-1,False,False
368,03/22/2021 10:59:48.175,-1,-1,False,False
369,03/22/2021 10:59:48.187,-1,-1,False,False
370,03/22/2021 10:59:48.199,-1,-1,False,False
371,03/22/2021 10:59:48.211,-1,-1,False,False
372,03/22/2021 10:59:48.223,-1,-1,False,False
373,03/22/2021 10:59:48.235,-1,-1,False,False
374,03/22/2021 10:59:48.247,-1,-1,False,False
375,03/22/2021 10:59:48.259,-1,-1,False,False
376,03/22/2021 10:59:48.272,-1,-1,False,False
377,03/22/2021 10:59:48.284,-1,-1,False,False
378,03/22/2021 10:59:48.296,-1,-1,False,False
379,03/22/2021 10:59:48.309,-1,-1,False,False
380,03/22/2021 10:59:48.321,-1,-1,False,False
381,03/22/2021 10:59:48.333,-1,-1,False,False
382,03/22/2021 10:59:48.345,-1,-1,False,False
383,03/22/2021 10:59:48.358,-1,-1,False,False
384,03/22/2021 10:59:48.371,-1,-1,False,False
385,03/22/2021 10:59:48.384,-1,-1,False,False
386,03/22/2021 10:59:48.396,-1,-1,False,False
387,03/22/2021 10:59:48.408,-1,-1,False,False
388,03/22/2021 10:59:48.420,-1,-1,False,False
389,03/22/2021 10:59:48.433,-1,-1,False,False
390,03/22/2021 10:59:48.452,-1,-1,False,False
391,03/22/2021 10:59:48.475,-1,-1,False,False
392,03/22/2021 10:59:48.497,-1,-1,False,False
393,03/22/2021 10:59:48.518,-1,-1,False,False
394,03/22/2021 10:59:48.540,-1,-1,False,False
395,03/22/2021 10:59:48.563,-1,-1,False,False
396,03/22/2021 10:59:48.585,-1,-1,False,False
397,03/22/2021 10:59:48.608,-1,-1,False,False
398,03/22/2021 10:59:48.629,-1,-1,False,False
399,03/22/2021 10:59:48.652,-1,-1,False,False
400,03/22/2021 10:59:48.674,-1,-1,False,False
401,03/22/2021 10:59:48.696,-1,-1,False,False
402,03/22/2021 10:59:48.719,-1,-1,False,False
403,03/22/2021 10:59:48.741,-1,-1,False,False
404,03/22/2021 10:59:48.763,-1,-1,False,False
405,03/22/2021 10:59:48.786,-1,-1,False,False
406,03/22/2021 10:59:48.807,-1,-1,False,False
407,03/22/2021 10:59:48.830,-1,-1,False,False
408,03/22/2021 10:59:48.853,-1,-1,False,False
409,03/22/2021 10:59:48.875,-1,-1,False,False
410,03/22/2021 10:59:48.895,-1,-1,False,False
411,03/22/2021 10:59:48.907,-1,-1,False,False
412,03/22/2021 10:59:48.919,-1,-1,False,False
413,03/22/2021 10:59:48.932,-1,-1,False,False
414,03/22/2021 10:59:48.944,-1,-1,False,False
415,03/22/2021 10:59:48.956,-1,-1,False,False
416,03/22/2021 10:59:48.968,-1,-1,False,False
417,03/22/2021 10:59:48.980,-1,-1,False,False
418,03/22/2021 10:59:48.992,-1,-1,False,False
419,03/22/2021 10:59:49.004,-1,-1,False,False
420,03/22/2021 10:59:49.016,-1,-1,False,False
421,03/22/2021 10:59:49.028,-1,-1,False,False
422,03/22/2021 10:59:49.040,-1,-1,False,False
423,03/22/2021 10:59:49.053,-1,-1,False,False
424,03/22/2021 10:59:49.066,-1,-1,False,False
425,03/22/2021 10:59:49.079,-1,-1,False,False
426,03/22/2021 10:59:49.092,-1,-1,False,False
427,03/22/2021 10:59:49.105,-1,-1,False,False
428,03/22/2021 10:59:49.117,-1,-1,False,False
429,03/22/2021 10:59:49.130,-1,-1,False,False
430,03/22/2021 10:59:49.143,-1,-1,False,False
431,03/22/2021 10:59:49.155,-1,-1,False,False
432,03/22/2021 10:59:49.167,-1,-1,False,False
433,03/22/2021 10:59:49.181,-1,-1,False,False
434,03/22/2021 10:59:49.194,-1,-1,False,False
435,03/22/2021 10:59:49.206,-1,-1,False,False
436,03/22/2021 10:59:49.218,-1,-1,False,False
437,03/22/2021 10:59:49.230,-1,-1,False,False
438,03/22/2021 10:59:49.245,-1,-1,False,False
439,03/22/2021 10:59:49.257,-1,-1,False,False
440,03/22/2021 10:59:49.270,-1,-1,False,False
441,03/22/2021 10:59:49.282,-1,-1,False,False
442,03/22/2021 10:59:49.293,-1,-1,False,False
443,03/22/2021 10:59:49.307,-1,-1,False,False
444,03/22/2021 10:59:49.329,-1,-1,False,False
445,03/22/2021 10:59:49.351,-1,-1,False,False
446,03/22/2021 10:59:49.374,-1,-1,False,False
447,03/22/2021 10:59:49.396,-1,-1,False,False
448,03/22/2021 10:59:49.419,-1,-1,False,False
449,03/22/2021 10:59:49.440,-1,-1,False,False
450,03/22/2021 10:59:49.463,-1,-1,False,False
451,03/22/2021 10:59:49.484,-1,-1,False,False
452,03/22/2021 10:59:49.506,-1,-1,False,False
453,03/22/2021 10:59:49.529,-1,-1,False,False
454,03/22/2021 10:59:49.552,-1,-1,False,False
455,03/22/2021 10:59:49.573,-1,-1,False,False
456,03/22/2021 10:59:49.596,-1,-1,False,False
457,03/22/2021 10:59:49.619,-1,-1,False,False
458,03/22/2021 10:59:49.640,-1,-1,False,False
459,03/22/2021 10:59:49.663,-1,-1,False,False
460,03/22/2021 10:59:49.685,-1,-1,False,False
461,03/22/2021 10:59:49.707,-1,-1,False,False
462,03/22/2021 10:59:49.735,-1,-1,False,False
463,03/22/2021 10:59:49.751,-1,-1,False,False
464,03/22/2021 10:59:49.763,-1,-1,False,False
465,03/22/2021 10:59:49.776,-1,-1,False,False
466,03/22/2021 10:59:49.789,-1,-1,False,False
467,03/22/2021 10:59:49.802,-1,-1,False,False
468,03/22/2021 10:59:49.813,-1,-1,False,False
469,03/22/2021 10:59:49.825,-1,-1,False,False
470,03/22/2021 10:59:49.839,-1,-1,False,False
471,03/22/2021 10:59:49.862,-1,-1,False,False
472,03/22/2021 10:59:49.878,-1,-1,False,False
473,03/22/2021 10:59:49.896,-1,-1,False,False
474,03/22/2021 10:59:49.916,-1,-1,False,False
475,03/22/2021 10:59:49.931,-1,-1,False,False
476,03/22/2021 10:59:49.953,-1,-1,False,False
477,03/22/2021 10:59:49.967,-1,-1,False,False
478,03/22/2021 10:59:49.989,-1,-1,False,False
479,03/22/2021 10:59:50.002,-1,-1,False,False
480,03/22/2021 10:59:50.017,-1,-1,False,False
481,03/22/2021 10:59:50.034,-1,-1,False,False
482,03/22/2021 10:59:50.049,-1,-1,False,False
483,03/22/2021 10:59:50.065,-1,-1,False,False
484,03/22/2021 10:59:50.078,-1,-1,False,False
485,03/22/2021 10:59:50.095,-1,-1,False,False
486,03/22/2021 10:59:50.107,-1,-1,False,False
487,03/22/2021 10:59:50.118,-1,-1,False,False
488,03/22/2021 10:59:50.129,-1,-1,False,False
489,03/22/2021 10:59:50.140,-1,-1,False,False
490,03/22/2021 10:59:50.151,-1,-1,False,False
491,03/22/2021 10:59:50.162,-1,-1,False,False
492,03/22/2021 10:59:50.174,-1,-1,False,False
493,03/22/2021 10:59:50.185,-1,-1,False,False
494,03/22/2021 10:59:50.206,-1,-1,False,False
495,03/22/2021 10:59:50.228,-1,-1,False,False
496,03/22/2021 10:59:50.250,-1,-1,False,False
497,03/22/2021 10:59:50.275,-1,-1,False,False
498,03/22/2021 10:59:50.295,-1,-1,False,False
499,03/22/2021 10:59:50.318,-1,-1,False,False
500,03/22/2021 10:59:50.340,-1,-1,False,False
501,03/22/2021 10:59:50.362,-1,-1,False,False
502,03/22/2021 10:59:50.386,-1,-1,False,False
503,03/22/2021 10:59:50.407,-1,-1,False,False
504,03/22/2021 10:59:50.429,-1,-1,False,False
505,03/22/2021 10:59:50.451,-1,-1,False,False
506,03/22/2021 10:59:50.473,-1,-1,False,False
507,03/22/2021 10:59:50.496,-1,-1,False,False
508,03/22/2021 10:59:50.518,-1,-1,False,False
509,03/22/2021 10:59:50.541,-1,-1,False,False
510,03/22/2021 10:59:50.562,-1,-1,False,False
511,03/22/2021 10:59:50.584,-1,-1,False,False
512,03/22/2021 10:59:50.606,-1,-1,False,False
513,03/22/2021 10:59:50.629,-1,-1,False,False
514,03/22/2021 10:59:50.650,-1,-1,False,False
515,03/22/2021 10:59:50.673,-1,-1,False,False
516,03/22/2021 10:59:50.685,-1,-1,False,False
517,03/22/2021 10:59:50.697,-1,-1,False,False
518,03/22/2021 10:59:50.709,-1,-1,False,False
519,03/22/2021 10:59:50.722,-1,-1,False,False
520,03/22/2021 10:59:50.734,-1,-1,False,False
521,03/22/2021 10:59:50.746,-1,-1,False,False
522,03/22/2021 10:59:50.759,-1,-1,False,False
523,03/22/2021 10:59:50.771,-1,-1,False,False
524,03/22/2021 10:59:50.783,-1,-1,False,False
525,03/22/2021 10:59:50.795,-1,-1,False,False
526,03/22/2021 10:59:50.807,-1,-1,False,False
527,03/22/2021 10:59:50.819,-1,-1,False,False
528,03/22/2021 10:59:50.833,-1,-1,False,False
529,03/22/2021 10:59:50.845,-1,-1,False,False
530,03/22/2021 10:59:50.857,-1,-1,False,False
531,03/22/2021 10:59:50.869,-1,-1,False,False
532,03/22/2021 10:59:50.883,-1,-1,False,False
533,03/22/2021 10:59:50.894,-1,-1,False,False
534,03/22/2021 10:59:50.908,-1,-1,False,False
535,03/22/2021 10:59:50.921,-1,-1,False,False
536,03/22/2021 10:59:50.934,-1,-1,False,False
537,03/22/2021 10:59:50.946,-1,-1,False,False
538,03/22/2021 10:59:50.959,-1,-1,False,False
539,03/22/2021 10:59:50.971,-1,-1,False,False
540,03/22/2021 10:59:50.984,-1,-1,False,False
541,03/22/2021 10:59:50.995,-1,-1,False,False
542,03/22/2021 10:59:51.007,-1,-1,False,False
543,03/22/2021 10:59:51.019,-1,-1,False,False
544,03/22/2021 10:59:51.039,-1,-1,False,False
545,03/22/2021 10:59:51.062,-1,-1,False,False
546,03/22/2021 10:59:51.085,-1,-1,False,False
547,03/22/2021 10:59:51.108,-1,-1,False,False
548,03/22/2021 10:59:51.128,-1,-1,False,False
549,03/22/2021 10:59:51.151,-1,-1,False,False
550,03/22/2021 10:59:51.173,-1,-1,False,False
551,03/22/2021 10:59:51.195,-1,-1,False,False
552,03/22/2021 10:59:51.217,-1,-1,False,False
553,03/22/2021 10:59:51.240,-1,-1,False,False
554,03/22/2021 10:59:51.261,-1,-1,False,False
555,03/22/2021 10:59:51.284,-1,-1,False,False
556,03/22/2021 10:59:51.307,-1,-1,False,False
557,03/22/2021 10:59:51.328,-1,-1,False,False
558,03/22/2021 10:59:51.350,-1,-1,False,False
559,03/22/2021 10:59:51.373,-1,-1,False,False
560,03/22/2021 10:59:51.396,-1,-1,False,False
561,03/22/2021 10:59:51.417,-1,-1,False,False
562,03/22/2021 10:59:51.439,-1,-1,False,False
563,03/22/2021 10:59:51.463,-1,-1,False,False
564,03/22/2021 10:59:51.484,-1,-1,False,False
565,03/22/2021 10:59:51.506,-1,-1,False,False
566,03/22/2021 10:59:51.518,-1,-1,False,False
567,03/22/2021 10:59:51.530,-1,-1,False,False
568,03/22/2021 10:59:51.542,-1,-1,False,False
569,03/22/2021 10:59:51.555,-1,-1,False,False
570,03/22/2021 10:59:51.568,-1,-1,False,False
571,03/22/2021 10:59:51.580,-1,-1,False,False
572,03/22/2021 10:59:51.591,-1,-1,False,False
573,03/22/2021 10:59:51.603,-1,-1,False,False
574,03/22/2021 10:59:51.614,-1,-1,False,False
575,03/22/2021 10:59:51.626,-1,-1,False,False
576,03/22/2021 10:59:51.638,-1,-1,False,False
577,03/22/2021 10:59:51.651,-1,-1,False,False
578,03/22/2021 10:59:51.664,-1,-1,False,False
579,03/22/2021 10:59:51.676,-1,-1,False,False
580,03/22/2021 10:59:51.688,-1,-1,False,False
581,03/22/2021 10:59:51.700,-1,-1,False,False
582,03/22/2021 10:59:51.712,-1,-1,False,False
583,03/22/2021 10:59:51.724,-1,-1,False,False
584,03/22/2021 10:59:51.736,-1,-1,False,False
585,03/22/2021 10:59:51.748,-1,-1,False,False
586,03/22/2021 10:59:51.760,-1,-1,False,False
587,03/22/2021 10:59:51.773,-1,-1,False,False
588,03/22/2021 10:59:51.786,-1,-1,False,False
589,03/22/2021 10:59:51.798,-1,-1,False,False
590,03/22/2021 10:59:51.811,-1,-1,False,False
591,03/22/2021 10:59:51.825,-1,-1,False,False
592,03/22/2021 10:59:51.837,-1,-1,False,False
593,03/22/2021 10:59:51.849,-1,-1,False,False
594,03/22/2021 10:59:51.861,-1,-1,False,False
595,03/22/2021 10:59:51.873,-1,-1,False,False
596,03/22/2021 10:59:51.886,-1,-1,False,False
597,03/22/2021 10:59:51.899,-1,-1,False,False
598,03/22/2021 10:59:51.917,-1,-1,False,False
599,03/22/2021 10:59:51.940,-1,-1,False,False
600,03/22/2021 10:59:51.962,-1,-1,False,False
601,03/22/2021 10:59:51.983,-1,-1,False,False
602,03/22/2021 10:59:52.005,-1,-1,False,False
603,03/22/2021 10:59:52.027,-1,-1,False,False
604,03/22/2021 10:59:52.050,-1,-1,False,False
605,03/22/2021 10:59:52.072,-1,-1,False,False
606,03/22/2021 10:59:52.094,-1,-1,False,False
607,03/22/2021 10:59:52.118,-1,-1,False,False
608,03/22/2021 10:59:52.139,-1,-1,False,False
609,03/22/2021 10:59:52.163,-1,-1,False,False
610,03/22/2021 10:59:52.185,-1,-1,False,False
611,03/22/2021 10:59:52.206,-1,-1,False,False
612,03/22/2021 10:59:52.230,-1,-1,False,False
613,03/22/2021 10:59:52.250,-1,-1,False,False
614,03/22/2021 10:59:52.273,-1,-1,False,False
615,03/22/2021 10:59:52.295,-1,-1,False,False
616,03/22/2021 10:59:52.318,-1,-1,False,False
617,03/22/2021 10:59:52.339,-1,-1,False,False
618,03/22/2021 10:59:52.361,-1,-1,False,False
619,03/22/2021 10:59:52.373,-1,-1,False,False
620,03/22/2021 10:59:52.386,-1,-1,False,False
621,03/22/2021 10:59:52.398,-1,-1,False,False
622,03/22/2021 10:59:52.410,-1,-1,False,False
623,03/22/2021 10:59:52.422,-1,-1,False,False
624,03/22/2021 10:59:52.435,-1,-1,False,False
625,03/22/2021 10:59:52.447,-1,-1,False,False
626,03/22/2021 10:59:52.459,-1,-1,False,False
627,03/22/2021 10:59:52.471,-1,-1,False,False
628,03/22/2021 10:59:52.485,-1,-1,False,False
629,03/22/2021 10:59:52.498,-1,-1,False,False
630,03/22/2021 10:59:52.511,-1,-1,False,False
631,03/22/2021 10:59:52.524,-1,-1,False,False
632,03/22/2021 10:59:52.536,-1,-1,False,False
633,03/22/2021 10:59:52.548,-1,-1,False,False
634,03/22/2021 10:59:52.560,-1,-1,False,False
635,03/22/2021 10:59:52.573,-1,-1,False,False
636,03/22/2021 10:59:52.587,-1,-1,False,False
637,03/22/2021 10:59:52.604,-1,-1,False,False
638,03/22/2021 10:59:52.616,-1,-1,False,False
639,03/22/2021 10:59:52.628,-1,-1,False,False
640,03/22/2021 10:59:52.640,-1,-1,False,False
641,03/22/2021 10:59:52.652,-1,-1,False,False
642,03/22/2021 10:59:52.664,-1,-1,False,False
643,03/22/2021 10:59:52.677,-1,-1,False,False
644,03/22/2021 10:59:52.689,-1,-1,False,False
645,03/22/2021 10:59:52.702,-1,-1,False,False
646,03/22/2021 10:59:52.714,-1,-1,False,False
647,03/22/2021 10:59:52.725,-1,-1,False,False
648,03/22/2021 10:59:52.739,-1,-1,False,False
649,03/22/2021 10:59:52.761,-1,-1,False,False
650,03/22/2021 10:59:52.783,-1,-1,False,False
651,03/22/2021 10:59:52.806,-1,-1,False,False
652,03/22/2021 10:59:52.828,-1,-1,False,False
653,03/22/2021 10:59:52.851,-1,-1,False,False
654,03/22/2021 10:59:52.872,-1,-1,False,False
655,03/22/2021 10:59:52.894,-1,-1,False,False
656,03/22/2021 10:59:52.916,-1,-1,False,False
657,03/22/2021 10:59:52.938,-1,-1,False,False
658,03/22/2021 10:59:52.961,-1,-1,False,False
659,03/22/2021 10:59:52.983,-1,-1,False,False
660,03/22/2021 10:59:53.005,-1,-1,False,False
661,03/22/2021 10:59:53.028,-1,-1,False,False
662,03/22/2021 10:59:53.050,-1,-1,False,False
663,03/22/2021 10:59:53.073,-1,-1,False,False
664,03/22/2021 10:59:53.094,-1,-1,False,False
665,03/22/2021 10:59:53.118,-1,-1,False,False
666,03/22/2021 10:59:53.138,-1,-1,False,False
667,03/22/2021 10:59:53.161,-1,-1,False,False
668,03/22/2021 10:59:53.184,-1,-1,False,False
669,03/22/2021 10:59:53.205,-1,-1,False,False
670,03/22/2021 10:59:53.218,-1,-1,False,False
671,03/22/2021 10:59:53.230,-1,-1,False,False
672,03/22/2021 10:59:53.243,-1,-1,False,False
673,03/22/2021 10:59:53.255,-1,-1,False,False
674,03/22/2021 10:59:53.267,-1,-1,False,False
675,03/22/2021 10:59:53.278,-1,-1,False,False
676,03/22/2021 10:59:53.291,-1,-1,False,False
677,03/22/2021 10:59:53.303,-1,-1,False,False
678,03/22/2021 10:59:53.315,-1,-1,False,False
679,03/22/2021 10:59:53.327,-1,-1,False,False
680,03/22/2021 10:59:53.340,-1,-1,False,False
681,03/22/2021 10:59:53.353,-1,-1,False,False
682,03/22/2021 10:59:53.367,-1,-1,False,False
683,03/22/2021 10:59:53.380,-1,-1,False,False
684,03/22/2021 10:59:53.392,-1,-1,False,False
685,03/22/2021 10:59:53.406,-1,-1,False,False
686,03/22/2021 10:59:53.419,-1,-1,False,False
687,03/22/2021 10:59:53.431,-1,-1,False,False
688,03/22/2021 10:59:53.444,-1,-1,False,False
689,03/22/2021 10:59:53.456,-1,-1,False,False
690,03/22/2021 10:59:53.468,-1,-1,False,False
691,03/22/2021 10:59:53.480,-1,-1,False,False
692,03/22/2021 10:59:53.492,-1,-1,False,False
693,03/22/2021 10:59:53.505,-1,-1,False,False
694,03/22/2021 10:59:53.517,-1,-1,False,False
695,03/22/2021 10:59:53.530,-1,-1,False,False
696,03/22/2021 10:59:53.542,-1,-1,False,False
697,03/22/2021 10:59:53.554,-1,-1,False,False
698,03/22/2021 10:59:53.572,-1,-1,False,False
699,03/22/2021 10:59:53.594,-1,-1,False,False
700,03/22/2021 10:59:53.617,-1,-1,False,False
701,03/22/2021 10:59:53.638,-1,-1,False,False
702,03/22/2021 10:59:53.661,-1,-1,False,False
703,03/22/2021 10:59:53.683,-1,-1,False,False
704,03/22/2021 10:59:53.705,-1,-1,False,False
705,03/22/2021 10:59:53.727,-1,-1,False,False
706,03/22/2021 10:59:53.750,-1,-1,False,False
707,03/22/2021 10:59:53.772,-1,-1,False,False
708,03/22/2021 10:59:53.794,-1,-1,False,False
709,03/22/2021 10:59:53.816,-1,-1,False,False
710,03/22/2021 10:59:53.838,-1,-1,False,False
711,03/22/2021 10:59:53.862,-1,-1,False,False
712,03/22/2021 10:59:53.883,-1,-1,False,False
713,03/22/2021 10:59:53.905,-1,-1,False,False
714,03/22/2021 10:59:53.928,-1,-1,False,False
715,03/22/2021 10:59:53.949,-1,-1,False,False
716,03/22/2021 10:59:53.971,-1,-1,False,False
717,03/22/2021 10:59:53.994,-1,-1,False,False
718,03/22/2021 10:59:54.016,-1,-1,False,False
719,03/22/2021 10:59:54.039,-1,-1,False,False
720,03/22/2021 10:59:54.051,-1,-1,False,False
721,03/22/2021 10:59:54.063,-1,-1,False,False
722,03/22/2021 10:59:54.076,-1,-1,False,False
723,03/22/2021 10:59:54.088,-1,-1,False,False
724,03/22/2021 10:59:54.100,-1,-1,False,False
725,03/22/2021 10:59:54.112,-1,-1,False,False
726,03/22/2021 10:59:54.124,-1,-1,False,False
727,03/22/2021 10:59:54.136,-1,-1,False,False
728,03/22/2021 10:59:54.149,-1,-1,False,False
729,03/22/2021 10:59:54.163,-1,-1,False,False
730,03/22/2021 10:59:54.176,-1,-1,False,False
731,03/22/2021 10:59:54.189,-1,-1,False,False
732,03/22/2021 10:59:54.202,-1,-1,False,False
733,03/22/2021 10:59:54.214,-1,-1,False,False
734,03/22/2021 10:59:54.227,-1,-1,False,False
735,03/22/2021 10:59:54.239,-1,-1,False,False
736,03/22/2021 10:59:54.252,-1,-1,False,False
737,03/22/2021 10:59:54.265,-1,-1,False,False
738,03/22/2021 10:59:54.277,-1,-1,False,False
739,03/22/2021 10:59:54.290,-1,-1,False,False
740,03/22/2021 10:59:54.303,-1,-1,False,False
741,03/22/2021 10:59:54.315,-1,-1,False,False
742,03/22/2021 10:59:54.327,-1,-1,False,False
743,03/22/2021 10:59:54.339,-1,-1,False,False
744,03/22/2021 10:59:54.351,-1,-1,False,False
745,03/22/2021 10:59:54.364,-1,-1,False,False
746,03/22/2021 10:59:54.377,-1,-1,False,False
747,03/22/2021 10:59:54.390,-1,-1,False,False
748,03/22/2021 10:59:54.403,-1,-1,False,False
749,03/22/2021 10:59:54.416,-1,-1,False,False
750,03/22/2021 10:59:54.438,-1,-1,False,False
751,03/22/2021 10:59:54.461,-1,-1,False,False
752,03/22/2021 10:59:54.483,-1,-1,False,False
753,03/22/2021 10:59:54.505,-1,-1,False,False
754,03/22/2021 10:59:54.527,-1,-1,False,False
755,03/22/2021 10:59:54.549,-1,-1,False,False
756,03/22/2021 10:59:54.572,-1,-1,False,False
757,03/22/2021 10:59:54.594,-1,-1,False,False
758,03/22/2021 10:59:54.616,-1,-1,False,False
759,03/22/2021 10:59:54.637,-1,-1,False,False
760,03/22/2021 10:59:54.660,-1,-1,False,False
761,03/22/2021 10:59:54.683,-1,-1,False,False
762,03/22/2021 10:59:54.705,-1,-1,False,False
763,03/22/2021 10:59:54.727,-1,-1,False,False
764,03/22/2021 10:59:54.749,-1,-1,False,False
765,03/22/2021 10:59:54.772,-1,-1,False,False
766,03/22/2021 10:59:54.794,-1,-1,False,False
767,03/22/2021 10:59:54.816,-1,-1,False,False
768,03/22/2021 10:59:54.839,-1,-1,False,False
769,03/22/2021 10:59:54.861,-1,-1,False,False
770,03/22/2021 10:59:54.884,-1,-1,False,False
771,03/22/2021 10:59:54.896,-1,-1,False,False
772,03/22/2021 10:59:54.908,-1,-1,False,False
773,03/22/2021 10:59:54.919,-1,-1,False,False
774,03/22/2021 10:59:54.932,-1,-1,False,False
775,03/22/2021 10:59:54.945,-1,-1,False,False
776,03/22/2021 10:59:54.957,-1,-1,False,False
777,03/22/2021 10:59:54.970,-1,-1,False,False
778,03/22/2021 10:59:54.982,-1,-1,False,False
779,03/22/2021 10:59:54.994,-1,-1,False,False
780,03/22/2021 10:59:55.006,-1,-1,False,False
781,03/22/2021 10:59:55.018,-1,-1,False,False
782,03/22/2021 10:59:55.031,-1,-1,False,False
783,03/22/2021 10:59:55.042,-1,-1,False,False
784,03/22/2021 10:59:55.055,-1,-1,False,False
785,03/22/2021 10:59:55.068,-1,-1,False,False
786,03/22/2021 10:59:55.080,-1,-1,False,False
787,03/22/2021 10:59:55.094,-1,-1,False,False
788,03/22/2021 10:59:55.106,-1,-1,False,False
789,03/22/2021 10:59:55.118,-1,-1,False,False
790,03/22/2021 10:59:55.131,-1,-1,False,False
791,03/22/2021 10:59:55.145,-1,-1,False,False
792,03/22/2021 10:59:55.157,-1,-1,False,False
793,03/22/2021 10:59:55.169,-1,-1,False,False
794,03/22/2021 10:59:55.181,-1,-1,False,False
795,03/22/2021 10:59:55.194,-1,-1,False,False
796,03/22/2021 10:59:55.206,-1,-1,False,False
797,03/22/2021 10:59:55.219,-1,-1,False,False
798,03/22/2021 10:59:55.240,-1,-1,False,False
799,03/22/2021 10:59:55.262,-1,-1,False,False
800,03/22/2021 10:59:55.284,-1,-1,False,False
801,03/22/2021 10:59:55.305,-1,-1,False,False
802,03/22/2021 10:59:55.326,-1,-1,False,False
803,03/22/2021 10:59:55.348,-1,-1,False,False
804,03/22/2021 10:59:55.371,-1,-1,False,False
805,03/22/2021 10:59:55.393,-1,-1,False,False
806,03/22/2021 10:59:55.416,-1,-1,False,False
807,03/22/2021 10:59:55.438,-1,-1,False,False
808,03/22/2021 10:59:55.460,-1,-1,False,False
809,03/22/2021 10:59:55.482,-1,-1,False,False
810,03/22/2021 10:59:55.506,-1,-1,False,False
811,03/22/2021 10:59:55.527,-1,-1,False,False
812,03/22/2021 10:59:55.548,-1,-1,False,False
813,03/22/2021 10:59:55.576,-1,-1,False,False
814,03/22/2021 10:59:55.592,-1,-1,False,False
815,03/22/2021 10:59:55.615,-1,-1,False,False
816,03/22/2021 10:59:55.637,-1,-1,False,False
817,03/22/2021 10:59:55.659,-1,-1,False,False
818,03/22/2021 10:59:55.682,-1,-1,False,False
819,03/22/2021 10:59:55.704,-1,-1,False,False
820,03/22/2021 10:59:55.718,-1,-1,False,False
821,03/22/2021 10:59:55.730,-1,-1,False,False
822,03/22/2021 10:59:55.742,-1,-1,False,False
823,03/22/2021 10:59:55.753,-1,-1,False,False
824,03/22/2021 10:59:55.766,-1,-1,False,False
825,03/22/2021 10:59:55.777,-1,-1,False,False
826,03/22/2021 10:59:55.789,-1,-1,False,False
827,03/22/2021 10:59:55.801,-1,-1,False,False
828,03/22/2021 10:59:55.813,-1,-1,False,False
829,03/22/2021 10:59:55.827,-1,-1,False,False
830,03/22/2021 10:59:55.839,-1,-1,False,False
831,03/22/2021 10:59:55.851,-1,-1,False,False
832,03/22/2021 10:59:55.863,-1,-1,False,False
833,03/22/2021 10:59:55.876,-1,-1,False,False
834,03/22/2021 10:59:55.888,-1,-1,False,False
835,03/22/2021 10:59:55.901,-1,-1,False,False
836,03/22/2021 10:59:55.914,-1,-1,False,False
837,03/22/2021 10:59:55.928,-1,-1,False,False
838,03/22/2021 10:59:55.940,-1,-1,False,False
839,03/22/2021 10:59:55.954,-1,-1,False,False
840,03/22/2021 10:59:55.967,-1,-1,False,False
841,03/22/2021 10:59:55.979,-1,-1,False,False
842,03/22/2021 10:59:55.992,-1,-1,False,False
843,03/22/2021 10:59:56.004,-1,-1,False,False
844,03/22/2021 10:59:56.017,-1,-1,False,False
845,03/22/2021 10:59:56.030,-1,-1,False,False
846,03/22/2021 10:59:56.043,-1,-1,False,False
847,03/22/2021 10:59:56.055,-1,-1,False,False
848,03/22/2021 10:59:56.070,-1,-1,False,False
849,03/22/2021 10:59:56.093,-1,-1,False,False
850,03/22/2021 10:59:56.116,-1,-1,False,False
851,03/22/2021 10:59:56.138,-1,-1,False,False
852,03/22/2021 10:59:56.159,-1,-1,False,False
853,03/22/2021 10:59:56.182,-1,-1,False,False
854,03/22/2021 10:59:56.205,-1,-1,False,False
855,03/22/2021 10:59:56.226,-1,-1,False,False
856,03/22/2021 10:59:56.249,-1,-1,False,False
857,03/22/2021 10:59:56.271,-1,-1,False,False
858,03/22/2021 10:59:56.294,-1,-1,False,False
859,03/22/2021 10:59:56.316,-1,-1,False,False
860,03/22/2021 10:59:56.337,-1,-1,False,False
861,03/22/2021 10:59:56.361,-1,-1,False,False
862,03/22/2021 10:59:56.383,-1,-1,False,False
863,03/22/2021 10:59:56.405,-1,-1,False,False
864,03/22/2021 10:59:56.427,-1,-1,False,False
865,03/22/2021 10:59:56.448,-1,-1,False,False
866,03/22/2021 10:59:56.470,-1,-1,False,False
867,03/22/2021 10:59:56.493,-1,-1,False,False
868,03/22/2021 10:59:56.515,-1,-1,False,False
869,03/22/2021 10:59:56.537,-1,-1,False,False
870,03/22/2021 10:59:56.549,-1,-1,False,False
871,03/22/2021 10:59:56.561,-1,-1,False,False
872,03/22/2021 10:59:56.574,-1,-1,False,False
873,03/22/2021 10:59:56.586,-1,-1,False,False
874,03/22/2021 10:59:56.599,-1,-1,False,False
875,03/22/2021 10:59:56.611,-1,-1,False,False
876,03/22/2021 10:59:56.623,-1,-1,False,False
877,03/22/2021 10:59:56.635,-1,-1,False,False
878,03/22/2021 10:59:56.647,-1,-1,False,False
879,03/22/2021 10:59:56.659,-1,-1,False,False
880,03/22/2021 10:59:56.672,-1,-1,False,False
881,03/22/2021 10:59:56.685,-1,-1,False,False
882,03/22/2021 10:59:56.697,-1,-1,False,False
883,03/22/2021 10:59:56.709,-1,-1,False,False
884,03/22/2021 10:59:56.723,-1,-1,False,False
885,03/22/2021 10:59:56.735,-1,-1,False,False
886,03/22/2021 10:59:56.746,-1,-1,False,False
887,03/22/2021 10:59:56.758,-1,-1,False,False
888,03/22/2021 10:59:56.770,-1,-1,False,False
889,03/22/2021 10:59:56.783,-1,-1,False,False
890,03/22/2021 10:59:56.795,-1,-1,False,False
891,03/22/2021 10:59:56.807,-1,-1,False,False
892,03/22/2021 10:59:56.820,-1,-1,False,False
893,03/22/2021 10:59:56.833,-1,-1,False,False
894,03/22/2021 10:59:56.845,-1,-1,False,False
895,03/22/2021 10:59:56.857,-1,-1,False,False
896,03/22/2021 10:59:56.870,-1,-1,False,False
897,03/22/2021 10:59:56.883,-1,-1,False,False
898,03/22/2021 10:59:56.895,-1,-1,False,False
899,03/22/2021 10:59:56.915,-1,-1,False,False
900,03/22/2021 10:59:56.937,-1,-1,False,False
901,03/22/2021 10:59:56.960,-1,-1,False,False
902,03/22/2021 10:59:57.351,-1,-1,False,False
903,03/22/2021 10:59:57.370,-1,-1,False,False
904,03/22/2021 10:59:57.409,-1,-1,False,False
905,03/22/2021 10:59:57.446,-1,-1,False,False
906,03/22/2021 10:59:57.461,-1,-1,False,False
907,03/22/2021 10:59:57.475,-1,-1,False,False
908,03/22/2021 10:59:57.493,-1,-1,False,False
909,03/22/2021 10:59:57.516,-1,-1,False,False
910,03/22/2021 10:59:57.537,-1,-1,False,False
911,03/22/2021 10:59:57.560,-1,-1,False,False
912,03/22/2021 10:59:57.583,-1,-1,False,False
913,03/22/2021 10:59:57.604,-1,-1,False,False
914,03/22/2021 10:59:57.626,-1,-1,False,False
915,03/22/2021 10:59:57.650,-1,-1,False,False
916,03/22/2021 10:59:57.671,-1,-1,False,False
917,03/22/2021 10:59:57.696,-1,-1,False,False
918,03/22/2021 10:59:57.717,-1,-1,False,False
919,03/22/2021 10:59:57.738,-1,-1,False,False
920,03/22/2021 10:59:57.760,-1,-1,False,False
921,03/22/2021 10:59:57.782,-1,-1,False,False
922,03/22/2021 10:59:57.806,-1,-1,False,False
923,03/22/2021 10:59:57.826,-1,-1,False,False
924,03/22/2021 10:59:57.850,-1,-1,False,False
925,03/22/2021 10:59:57.871,-1,-1,False,False
926,03/22/2021 10:59:57.894,-1,-1,False,False
927,03/22/2021 10:59:57.915,-1,-1,False,False
928,03/22/2021 10:59:57.937,-1,-1,False,False
929,03/22/2021 10:59:57.961,-1,-1,False,False
930,03/22/2021 10:59:57.976,-1,-1,False,False
931,03/22/2021 10:59:57.989,-1,-1,False,False
932,03/22/2021 10:59:58.004,-1,-1,False,False
933,03/22/2021 10:59:58.018,-1,-1,False,False
934,03/22/2021 10:59:58.032,-1,-1,False,False
935,03/22/2021 10:59:58.047,-1,-1,False,False
936,03/22/2021 10:59:58.062,-1,-1,False,False
937,03/22/2021 10:59:58.076,-1,-1,False,False
938,03/22/2021 10:59:58.091,-1,-1,False,False
939,03/22/2021 10:59:58.105,-1,-1,False,False
940,03/22/2021 10:59:58.119,-1,-1,False,False
941,03/22/2021 10:59:58.133,-1,-1,False,False
942,03/22/2021 10:59:58.148,-1,-1,False,False
943,03/22/2021 10:59:58.163,-1,-1,False,False
944,03/22/2021 10:59:58.177,-1,-1,False,False
945,03/22/2021 10:59:58.191,-1,-1,False,False
946,03/22/2021 10:59:58.204,-1,-1,False,False
947,03/22/2021 10:59:58.219,-1,-1,False,False
948,03/22/2021 10:59:58.233,-1,-1,False,False
949,03/22/2021 10:59:58.247,-1,-1,False,False
950,03/22/2021 10:59:58.261,-1,-1,False,False
951,03/22/2021 10:59:58.276,-1,-1,False,False
952,03/22/2021 10:59:58.291,-1,-1,False,False
953,03/22/2021 10:59:58.305,-1,-1,False,False
954,03/22/2021 10:59:58.321,-1,-1,False,False
955,03/22/2021 10:59:58.335,-1,-1,False,False
956,03/22/2021 10:59:58.348,-1,-1,False,False
957,03/22/2021 10:59:58.372,-1,-1,False,False
958,03/22/2021 10:59:58.393,-1,-1,False,False
959,03/22/2021 10:59:58.417,-1,-1,False,False
960,03/22/2021 10:59:58.438,-1,-1,False,False
961,03/22/2021 10:59:58.461,-1,-1,False,False
962,03/22/2021 10:59:58.483,-1,-1,False,False
963,03/22/2021 10:59:58.505,-1,-1,False,False
964,03/22/2021 10:59:58.527,-1,-1,False,False
965,03/22/2021 10:59:58.549,-1,-1,False,False
966,03/22/2021 10:59:58.570,-1,-1,False,False
967,03/22/2021 10:59:58.593,-1,-1,False,False
968,03/22/2021 10:59:58.615,-1,-1,False,False
969,03/22/2021 10:59:58.637,-1,-1,False,False
970,03/22/2021 10:59:58.660,-1,-1,False,False
971,03/22/2021 10:59:58.682,-1,-1,False,False
972,03/22/2021 10:59:58.705,-1,-1,False,False
973,03/22/2021 10:59:58.725,-1,-1,False,False
974,03/22/2021 10:59:58.748,-1,-1,False,False
975,03/22/2021 10:59:58.770,-1,-1,False,False
976,03/22/2021 10:59:58.794,-1,-1,False,False
977,03/22/2021 10:59:58.816,-1,-1,False,False
978,03/22/2021 10:59:58.831,-1,-1,False,False
979,03/22/2021 10:59:58.845,-1,-1,False,False
980,03/22/2021 10:59:58.859,-1,-1,False,False
981,03/22/2021 10:59:58.872,-1,-1,False,False
982,03/22/2021 10:59:58.887,-1,-1,False,False
983,03/22/2021 10:59:58.902,-1,-1,False,False
984,03/22/2021 10:59:58.916,-1,-1,False,False
985,03/22/2021 10:59:58.929,-1,-1,False,False
986,03/22/2021 10:59:58.944,-1,-1,False,False
987,03/22/2021 10:59:58.958,-1,-1,False,False
988,03/22/2021 10:59:58.971,-1,-1,False,False
989,03/22/2021 10:59:58.990,-1,-1,False,False
990,03/22/2021 10:59:59.003,-1,-1,False,False
991,03/22/2021 10:59:59.017,-1,-1,False,False
992,03/22/2021 10:59:59.031,-1,-1,False,False
993,03/22/2021 10:59:59.046,-1,-1,False,False
994,03/22/2021 10:59:59.060,-1,-1,False,False
995,03/22/2021 10:59:59.074,-1,-1,False,False
996,03/22/2021 10:59:59.088,-1,-1,False,False
997,03/22/2021 10:59:59.102,-1,-1,False,False
998,03/22/2021 10:59:59.116,-1,-1,False,False
999,03/22/2021 10:59:59.130,-1,-1,False,False
1000,03/22/2021 10:59:59.144,-1,-1,False,False
1001,03/22/2021 10:59:59.159,-1,-1,False,False
1002,03/22/2021 10:59:59.172,-1,-1,False,False
1003,03/22/2021 10:59:59.186,-1,-1,False,False
1004,03/22/2021 10:59:59.200,-1,-1,False,False
1005,03/22/2021 10:59:59.215,-1,-1,False,False
1006,03/22/2021 10:59:59.238,-1,-1,False,False
1007,03/22/2021 10:59:59.260,-1,-1,False,False
1008,03/22/2021 10:59:59.282,-1,-1,False,False
1009,03/22/2021 10:59:59.305,-1,-1,False,False
1010,03/22/2021 10:59:59.327,-1,-1,False,False
1011,03/22/2021 10:59:59.349,-1,-1,False,False
1012,03/22/2021 10:59:59.370,-1,-1,False,False
1013,03/22/2021 10:59:59.393,-1,-1,False,False
1014,03/22/2021 10:59:59.416,-1,-1,False,False
1015,03/22/2021 10:59:59.437,-1,-1,False,False
1016,03/22/2021 10:59:59.459,-1,-1,False,False
1017,03/22/2021 10:59:59.481,-1,-1,False,False
1018,03/22/2021 10:59:59.503,-1,-1,False,False
1019,03/22/2021 10:59:59.526,-1,-1,False,False
1020,03/22/2021 10:59:59.548,-1,-1,False,False
1021,03/22/2021 10:59:59.572,-1,-1,False,False
1022,03/22/2021 10:59:59.593,-1,-1,False,False
1023,03/22/2021 10:59:59.615,-1,-1,False,False
1024,03/22/2021 10:59:59.637,-1,-1,False,False
1025,03/22/2021 10:59:59.659,-1,-1,False,False
1026,03/22/2021 10:59:59.681,-1,-1,False,False
1027,03/22/2021 10:59:59.704,-1,-1,False,False
1028,03/22/2021 10:59:59.725,-1,-1,False,False
1029,03/22/2021 10:59:59.748,-1,-1,False,False
1030,03/22/2021 10:59:59.771,-1,-1,False,False
1031,03/22/2021 10:59:59.793,-1,-1,False,False
1032,03/22/2021 10:59:59.814,-1,-1,False,False
1033,03/22/2021 10:59:59.829,-1,-1,False,False
1034,03/22/2021 10:59:59.844,-1,-1,False,False
1035,03/22/2021 10:59:59.858,-1,-1,False,False
1036,03/22/2021 10:59:59.872,-1,-1,False,False
1037,03/22/2021 10:59:59.887,-1,-1,False,False
1038,03/22/2021 10:59:59.901,-1,-1,False,False
1039,03/22/2021 10:59:59.915,-1,-1,False,False
1040,03/22/2021 10:59:59.929,-1,-1,False,False
1041,03/22/2021 10:59:59.944,-1,-1,False,False
1042,03/22/2021 10:59:59.959,-1,-1,False,False
1043,03/22/2021 10:59:59.973,-1,-1,False,False
1044,03/22/2021 10:59:59.987,-1,-1,False,False
1045,03/22/2021 11:00:00.001,-1,-1,False,False
1046,03/22/2021 11:00:00.016,-1,-1,False,False
1047,03/22/2021 11:00:00.030,-1,-1,False,False
1048,03/22/2021 11:00:00.044,-1,-1,False,False
1049,03/22/2021 11:00:00.058,-1,-1,False,False
1050,03/22/2021 11:00:00.072,-1,-1,False,False
1051,03/22/2021 11:00:00.086,-1,-1,False,False
1052,03/22/2021 11:00:00.102,-1,-1,False,False
1053,03/22/2021 11:00:00.115,-1,-1,False,False
1054,03/22/2021 11:00:00.130,-1,-1,False,False
1055,03/22/2021 11:00:00.145,-1,-1,False,False
1056,03/22/2021 11:00:00.159,-1,-1,False,False
1057,03/22/2021 11:00:00.174,-1,-1,False,False
1058,03/22/2021 11:00:00.189,-1,-1,False,False
1059,03/22/2021 11:00:00.203,-1,-1,False,False
1060,03/22/2021 11:00:00.218,-1,-1,False,False
1061,03/22/2021 11:00:00.236,-1,-1,False,False
1062,03/22/2021 11:00:00.260,-1,-1,False,False
1063,03/22/2021 11:00:00.282,-1,-1,False,False
1064,03/22/2021 11:00:00.304,-1,-1,False,False
1065,03/22/2021 11:00:00.327,-1,-1,False,False
1066,03/22/2021 11:00:00.347,-1,-1,False,False
1067,03/22/2021 11:00:00.371,-1,-1,False,False
1068,03/22/2021 11:00:00.393,-1,-1,False,False
1069,03/22/2021 11:00:00.415,-1,-1,False,False
1070,03/22/2021 11:00:00.437,-1,-1,False,False
1071,03/22/2021 11:00:00.460,-1,-1,False,False
1072,03/22/2021 11:00:00.481,-1,-1,False,False
1073,03/22/2021 11:00:00.503,-1,-1,False,False
1074,03/22/2021 11:00:00.526,-1,-1,False,False
1075,03/22/2021 11:00:00.548,-1,-1,False,False
1076,03/22/2021 11:00:00.571,-1,-1,False,False
1077,03/22/2021 11:00:00.591,-1,-1,False,False
1078,03/22/2021 11:00:00.614,-1,-1,False,False
1079,03/22/2021 11:00:00.637,-1,-1,False,False
1080,03/22/2021 11:00:00.659,-1,-1,False,False
1081,03/22/2021 11:00:00.682,-1,-1,False,False
1082,03/22/2021 11:00:00.704,-1,-1,False,False
1083,03/22/2021 11:00:00.725,-1,-1,False,False
1084,03/22/2021 11:00:00.741,-1,-1,False,False
1085,03/22/2021 11:00:00.755,-1,-1,False,False
1086,03/22/2021 11:00:00.769,-1,-1,False,False
1087,03/22/2021 11:00:00.783,-1,-1,False,False
1088,03/22/2021 11:00:00.798,-1,-1,False,False
1089,03/22/2021 11:00:00.812,-1,-1,False,False
1090,03/22/2021 11:00:00.826,-1,-1,False,False
1091,03/22/2021 11:00:00.841,-1,-1,False,False
1092,03/22/2021 11:00:00.855,-1,-1,False,False
1093,03/22/2021 11:00:00.869,-1,-1,False,False
1094,03/22/2021 11:00:00.883,-1,-1,False,False
1095,03/22/2021 11:00:00.898,-1,-1,False,False
1096,03/22/2021 11:00:00.911,-1,-1,False,False
1097,03/22/2021 11:00:00.925,-1,-1,False,False
1098,03/22/2021 11:00:00.938,-1,-1,False,False
1099,03/22/2021 11:00:00.952,-1,-1,False,False
1100,03/22/2021 11:00:00.966,-1,-1,False,False
1101,03/22/2021 11:00:00.980,-1,-1,False,False
1102,03/22/2021 11:00:00.995,-1,-1,False,False
1103,03/22/2021 11:00:01.009,-1,-1,False,False
1104,03/22/2021 11:00:01.023,-1,-1,False,False
1105,03/22/2021 11:00:01.037,-1,-1,False,False
1106,03/22/2021 11:00:01.051,-1,-1,False,False
1107,03/22/2021 11:00:01.065,-1,-1,False,False
1108,03/22/2021 11:00:01.079,-1,-1,False,False
1109,03/22/2021 11:00:01.093,-1,-1,False,False
1110,03/22/2021 11:00:01.108,-1,-1,False,False
1111,03/22/2021 11:00:01.122,-1,-1,False,False
1112,03/22/2021 11:00:01.136,-1,-1,False,False
1113,03/22/2021 11:00:01.151,-1,-1,False,False
1114,03/22/2021 11:00:01.170,-1,-1,False,False
1115,03/22/2021 11:00:01.191,-1,-1,False,False
1116,03/22/2021 11:00:01.215,-1,-1,False,False
1117,03/22/2021 11:00:01.235,-1,-1,False,False
1118,03/22/2021 11:00:01.258,-1,-1,False,False
1119,03/22/2021 11:00:01.280,-1,-1,False,False
1120,03/22/2021 11:00:01.304,-1,-1,False,False
1121,03/22/2021 11:00:01.325,-1,-1,False,False
1122,03/22/2021 11:00:01.347,-1,-1,False,False
1123,03/22/2021 11:00:01.370,-1,-1,False,False
1124,03/22/2021 11:00:01.392,-1,-1,False,False
1125,03/22/2021 11:00:01.415,-1,-1,False,False
1126,03/22/2021 11:00:01.437,-1,-1,False,False
1127,03/22/2021 11:00:01.460,-1,-1,False,False
1128,03/22/2021 11:00:01.481,-1,-1,False,False
1129,03/22/2021 11:00:01.504,-1,-1,False,False
1130,03/22/2021 11:00:01.526,-1,-1,False,False
1131,03/22/2021 11:00:01.547,-1,-1,False,False
1132,03/22/2021 11:00:01.570,-1,-1,False,False
1133,03/22/2021 11:00:01.592,-1,-1,False,False
1134,03/22/2021 11:00:01.615,-1,-1,False,False
1135,03/22/2021 11:00:01.636,-1,-1,False,False
1136,03/22/2021 11:00:01.652,-1,-1,False,False
1137,03/22/2021 11:00:01.666,-1,-1,False,False
1138,03/22/2021 11:00:01.682,-1,-1,False,False
1139,03/22/2021 11:00:01.697,-1,-1,False,False
1140,03/22/2021 11:00:01.711,-1,-1,False,False
1141,03/22/2021 11:00:01.724,-1,-1,False,False
1142,03/22/2021 11:00:01.738,-1,-1,False,False
1143,03/22/2021 11:00:01.752,-1,-1,False,False
1144,03/22/2021 11:00:01.768,-1,-1,False,False
1145,03/22/2021 11:00:01.782,-1,-1,False,False
1146,03/22/2021 11:00:01.796,-1,-1,False,False
1147,03/22/2021 11:00:01.810,-1,-1,False,False
1148,03/22/2021 11:00:01.825,-1,-1,False,False
1149,03/22/2021 11:00:01.840,-1,-1,False,False
1150,03/22/2021 11:00:01.854,-1,-1,False,False
1151,03/22/2021 11:00:01.869,-1,-1,False,False
1152,03/22/2021 11:00:01.884,-1,-1,False,False
1153,03/22/2021 11:00:01.899,-1,-1,False,False
1154,03/22/2021 11:00:01.913,-1,-1,False,False
1155,03/22/2021 11:00:01.928,-1,-1,False,False
1156,03/22/2021 11:00:01.941,-1,-1,False,False
1157,03/22/2021 11:00:01.956,-1,-1,False,False
1158,03/22/2021 11:00:01.969,-1,-1,False,False
1159,03/22/2021 11:00:01.982,-1,-1,False,False
1160,03/22/2021 11:00:01.996,-1,-1,False,False
1161,03/22/2021 11:00:02.009,-1,-1,False,False
1162,03/22/2021 11:00:02.024,-1,-1,False,False
1163,03/22/2021 11:00:02.047,-1,-1,False,False
1164,03/22/2021 11:00:02.074,-1,-1,False,False
1165,03/22/2021 11:00:02.091,-1,-1,False,False
1166,03/22/2021 11:00:02.113,-1,-1,False,False
1167,03/22/2021 11:00:02.137,-1,-1,False,False
1168,03/22/2021 11:00:02.158,-1,-1,False,False
1169,03/22/2021 11:00:02.180,-1,-1,False,False
1170,03/22/2021 11:00:02.204,-1,-1,False,False
1171,03/22/2021 11:00:02.224,-1,-1,False,False
1172,03/22/2021 11:00:02.247,-1,-1,False,False
1173,03/22/2021 11:00:02.269,-1,-1,False,False
1174,03/22/2021 11:00:02.292,-1,-1,False,False
1175,03/22/2021 11:00:02.313,-1,-1,False,False
1176,03/22/2021 11:00:02.336,-1,-1,False,False
1177,03/22/2021 11:00:02.358,-1,-1,False,False
1178,03/22/2021 11:00:02.381,-1,-1,False,False
1179,03/22/2021 11:00:02.404,-1,-1,False,False
1180,03/22/2021 11:00:02.425,-1,-1,False,False
1181,03/22/2021 11:00:02.447,-1,-1,False,False
1182,03/22/2021 11:00:02.469,-1,-1,False,False
1183,03/22/2021 11:00:02.492,-1,-1,False,False
1184,03/22/2021 11:00:02.514,-1,-1,False,False
1185,03/22/2021 11:00:02.536,-1,-1,False,False
1186,03/22/2021 11:00:02.551,-1,-1,False,False
1187,03/22/2021 11:00:02.566,-1,-1,False,False
1188,03/22/2021 11:00:02.580,-1,-1,False,False
1189,03/22/2021 11:00:02.594,-1,-1,False,False
1190,03/22/2021 11:00:02.608,-1,-1,False,False
1191,03/22/2021 11:00:02.622,-1,-1,False,False
1192,03/22/2021 11:00:02.635,-1,-1,False,False
1193,03/22/2021 11:00:02.649,-1,-1,False,False
1194,03/22/2021 11:00:02.664,-1,-1,False,False
1195,03/22/2021 11:00:02.678,-1,-1,False,False
1196,03/22/2021 11:00:02.692,-1,-1,False,False
1197,03/22/2021 11:00:02.707,-1,-1,False,False
1198,03/22/2021 11:00:02.721,-1,-1,False,False
1199,03/22/2021 11:00:02.734,-1,-1,False,False
1200,03/22/2021 11:00:02.747,-1,-1,False,False
1201,03/22/2021 11:00:02.761,-1,-1,False,False
1202,03/22/2021 11:00:02.776,-1,-1,False,False
1203,03/22/2021 11:00:02.788,-1,-1,False,False
1204,03/22/2021 11:00:02.803,-1,-1,False,False
1205,03/22/2021 11:00:02.818,-1,-1,False,False
1206,03/22/2021 11:00:02.831,-1,-1,False,False
1207,03/22/2021 11:00:02.845,-1,-1,False,False
1208,03/22/2021 11:00:02.860,-1,-1,False,False
1209,03/22/2021 11:00:02.874,-1,-1,False,False
1210,03/22/2021 11:00:02.889,-1,-1,False,False
1211,03/22/2021 11:00:02.902,-1,-1,False,False
1212,03/22/2021 11:00:02.916,-1,-1,False,False
1213,03/22/2021 11:00:02.936,-1,-1,False,False
1214,03/22/2021 11:00:02.957,-1,-1,False,False
1215,03/22/2021 11:00:02.979,-1,-1,False,False
1216,03/22/2021 11:00:03.002,-1,-1,False,False
1217,03/22/2021 11:00:03.025,-1,-1,False,False
1218,03/22/2021 11:00:03.047,-1,-1,False,False
1219,03/22/2021 11:00:03.069,-1,-1,False,False
1220,03/22/2021 11:00:03.091,-1,-1,False,False
1221,03/22/2021 11:00:03.114,-1,-1,False,False
1222,03/22/2021 11:00:03.137,-1,-1,False,False
1223,03/22/2021 11:00:03.157,-1,-1,False,False
1224,03/22/2021 11:00:03.180,-1,-1,False,False
1225,03/22/2021 11:00:03.202,-1,-1,False,False
1226,03/22/2021 11:00:03.224,-1,-1,False,False
1227,03/22/2021 11:00:03.247,-1,-1,False,False
1228,03/22/2021 11:00:03.268,-1,-1,False,False
1229,03/22/2021 11:00:03.292,-1,-1,False,False
1230,03/22/2021 11:00:03.313,-1,-1,False,False
1231,03/22/2021 11:00:03.337,-1,-1,False,False
1232,03/22/2021 11:00:03.357,-1,-1,False,False
1233,03/22/2021 11:00:03.380,-1,-1,False,False
1234,03/22/2021 11:00:03.403,-1,-1,False,False
1235,03/22/2021 11:00:03.425,-1,-1,False,False
1236,03/22/2021 11:00:03.439,-1,-1,False,False
1237,03/22/2021 11:00:03.453,-1,-1,False,False
1238,03/22/2021 11:00:03.467,-1,-1,False,False
1239,03/22/2021 11:00:03.481,-1,-1,False,False
1240,03/22/2021 11:00:03.495,-1,-1,False,False
1241,03/22/2021 11:00:03.509,-1,-1,False,False
1242,03/22/2021 11:00:03.523,-1,-1,False,False
1243,03/22/2021 11:00:03.537,-1,-1,False,False
1244,03/22/2021 11:00:03.551,-1,-1,False,False
1245,03/22/2021 11:00:03.566,-1,-1,False,False
1246,03/22/2021 11:00:03.581,-1,-1,False,False
1247,03/22/2021 11:00:03.596,-1,-1,False,False
1248,03/22/2021 11:00:03.610,-1,-1,False,False
1249,03/22/2021 11:00:03.624,-1,-1,False,False
1250,03/22/2021 11:00:03.639,-1,-1,False,False
1251,03/22/2021 11:00:03.654,-1,-1,False,False
1252,03/22/2021 11:00:03.669,-1,-1,False,False
1253,03/22/2021 11:00:03.683,-1,-1,False,False
1254,03/22/2021 11:00:03.698,-1,-1,False,False
1255,03/22/2021 11:00:03.711,-1,-1,False,False
1256,03/22/2021 11:00:03.727,-1,-1,False,False
1257,03/22/2021 11:00:03.741,-1,-1,False,False
1258,03/22/2021 11:00:03.755,-1,-1,False,False
1259,03/22/2021 11:00:03.769,-1,-1,False,False
1260,03/22/2021 11:00:03.784,-1,-1,False,False
1261,03/22/2021 11:00:03.799,-1,-1,False,False
1262,03/22/2021 11:00:03.813,-1,-1,False,False
1263,03/22/2021 11:00:03.827,-1,-1,False,False
1264,03/22/2021 11:00:03.842,-1,-1,False,False
1265,03/22/2021 11:00:03.857,-1,-1,False,False
1266,03/22/2021 11:00:03.871,-1,-1,False,False
1267,03/22/2021 11:00:03.891,-1,-1,False,False
1268,03/22/2021 11:00:03.913,-1,-1,False,False
1269,03/22/2021 11:00:03.936,-1,-1,False,False
1270,03/22/2021 11:00:03.957,-1,-1,False,False
1271,03/22/2021 11:00:03.980,-1,-1,False,False
1272,03/22/2021 11:00:04.002,-1,-1,False,False
1273,03/22/2021 11:00:04.025,-1,-1,False,False
1274,03/22/2021 11:00:04.047,-1,-1,False,False
1275,03/22/2021 11:00:04.069,-1,-1,False,False
1276,03/22/2021 11:00:04.091,-1,-1,False,False
1277,03/22/2021 11:00:04.113,-1,-1,False,False
1278,03/22/2021 11:00:04.136,-1,-1,False,False
1279,03/22/2021 11:00:04.158,-1,-1,False,False
1280,03/22/2021 11:00:04.180,-1,-1,False,False
1281,03/22/2021 11:00:04.203,-1,-1,False,False
1282,03/22/2021 11:00:04.225,-1,-1,False,False
1283,03/22/2021 11:00:04.247,-1,-1,False,False
1284,03/22/2021 11:00:04.268,-1,-1,False,False
1285,03/22/2021 11:00:04.291,-1,-1,False,False
1286,03/22/2021 11:00:04.313,-1,-1,False,False
1287,03/22/2021 11:00:04.335,-1,-1,False,False
1288,03/22/2021 11:00:04.357,-1,-1,False,False
1289,03/22/2021 11:00:04.380,-1,-1,False,False
1290,03/22/2021 11:00:04.403,-1,-1,False,False
1291,03/22/2021 11:00:04.425,-1,-1,False,False
1292,03/22/2021 11:00:04.446,-1,-1,False,False
1293,03/22/2021 11:00:04.468,-1,-1,False,False
1294,03/22/2021 11:00:04.490,-1,-1,False,False
1295,03/22/2021 11:00:04.513,-1,-1,False,False
1296,03/22/2021 11:00:04.535,-1,-1,False,False
1297,03/22/2021 11:00:04.558,-1,-1,False,False
1298,03/22/2021 11:00:04.580,-1,-1,False,False
1299,03/22/2021 11:00:04.602,-1,-1,False,False
1300,03/22/2021 11:00:04.624,-1,-1,False,False
1301,03/22/2021 11:00:04.647,-1,-1,False,False
1302,03/22/2021 11:00:04.669,-1,-1,False,False
1303,03/22/2021 11:00:04.691,-1,-1,False,False
1304,03/22/2021 11:00:04.713,-1,-1,False,False
1305,03/22/2021 11:00:04.736,-1,-1,False,False
1306,03/22/2021 11:00:04.757,-1,-1,False,False
1307,03/22/2021 11:00:04.780,-1,-1,False,False
1308,03/22/2021 11:00:04.802,-1,-1,False,False
1309,03/22/2021 11:00:04.824,-1,-1,False,False
1310,03/22/2021 11:00:04.845,-1,-1,False,False
1311,03/22/2021 11:00:04.868,-1,-1,False,False
1312,03/22/2021 11:00:04.890,-1,-1,False,False
1313,03/22/2021 11:00:04.913,-1,-1,False,False
1314,03/22/2021 11:00:04.934,-1,-1,False,False
1315,03/22/2021 11:00:04.956,-1,-1,False,False
1316,03/22/2021 11:00:04.980,-1,-1,False,False
1317,03/22/2021 11:00:05.002,-1,-1,False,False
1318,03/22/2021 11:00:05.023,-1,-1,False,False
1319,03/22/2021 11:00:05.045,-1,-1,False,False
1320,03/22/2021 11:00:05.068,-1,-1,False,False
1321,03/22/2021 11:00:05.090,-1,-1,False,False
1322,03/22/2021 11:00:05.104,-1,-1,False,False
1323,03/22/2021 11:00:05.118,-1,-1,False,False
1324,03/22/2021 11:00:05.132,-1,-1,False,False
1325,03/22/2021 11:00:05.146,-1,-1,False,False
1326,03/22/2021 11:00:05.160,-1,-1,False,False
1327,03/22/2021 11:00:05.175,-1,-1,False,False
1328,03/22/2021 11:00:05.189,-1,-1,False,False
1329,03/22/2021 11:00:05.202,-1,-1,False,False
1330,03/22/2021 11:00:05.216,-1,-1,False,False
1331,03/22/2021 11:00:05.231,-1,-1,False,False
1332,03/22/2021 11:00:05.246,-1,-1,False,False
1333,03/22/2021 11:00:05.269,-1,-1,False,False
1334,03/22/2021 11:00:05.290,-1,-1,False,False
1335,03/22/2021 11:00:05.313,-1,-1,False,False
1336,03/22/2021 11:00:05.336,-1,-1,False,False
1337,03/22/2021 11:00:05.356,-1,-1,False,False
1338,03/22/2021 11:00:05.380,-1,-1,False,False
1339,03/22/2021 11:00:05.403,-1,-1,False,False
1340,03/22/2021 11:00:05.424,-1,-1,False,False
1341,03/22/2021 11:00:05.446,-1,-1,False,False
1342,03/22/2021 11:00:05.468,-1,-1,False,False
1343,03/22/2021 11:00:05.491,-1,-1,False,False
1344,03/22/2021 11:00:05.512,-1,-1,False,False
1345,03/22/2021 11:00:05.535,-1,-1,False,False
1346,03/22/2021 11:00:05.557,-1,-1,False,False
1347,03/22/2021 11:00:05.579,-1,-1,False,False
1348,03/22/2021 11:00:05.601,-1,-1,False,False
1349,03/22/2021 11:00:05.623,-1,-1,False,False
1350,03/22/2021 11:00:05.646,-1,-1,False,False
1351,03/22/2021 11:00:05.667,-1,-1,False,False
1352,03/22/2021 11:00:05.690,-1,-1,False,False
1353,03/22/2021 11:00:05.713,-1,-1,False,False
1354,03/22/2021 11:00:05.735,-1,-1,False,False
1355,03/22/2021 11:00:05.757,-1,-1,False,False
1356,03/22/2021 11:00:05.779,-1,-1,False,False
1357,03/22/2021 11:00:05.801,-1,-1,False,False
1358,03/22/2021 11:00:05.824,-1,-1,False,False
1359,03/22/2021 11:00:05.845,-1,-1,False,False
1360,03/22/2021 11:00:05.867,-1,-1,False,False
1361,03/22/2021 11:00:05.891,-1,-1,False,False
1362,03/22/2021 11:00:05.913,-1,-1,False,False
1363,03/22/2021 11:00:05.935,-1,-1,False,False
1364,03/22/2021 11:00:05.957,-1,-1,False,False
1365,03/22/2021 11:00:05.979,-1,-1,False,False
1366,03/22/2021 11:00:06.001,-1,-1,False,False
1367,03/22/2021 11:00:06.023,-1,-1,False,False
1368,03/22/2021 11:00:06.046,-1,-1,False,False
1369,03/22/2021 11:00:06.068,-1,-1,False,False
1370,03/22/2021 11:00:06.090,-1,-1,False,False
1371,03/22/2021 11:00:06.112,-1,-1,False,False
1372,03/22/2021 11:00:06.135,-1,-1,False,False
1373,03/22/2021 11:00:06.157,-1,-1,False,False
1374,03/22/2021 11:00:06.172,-1,-1,False,False
1375,03/22/2021 11:00:06.188,-1,-1,False,False
1376,03/22/2021 11:00:06.202,-1,-1,False,False
1377,03/22/2021 11:00:06.216,-1,-1,False,False
1378,03/22/2021 11:00:06.230,-1,-1,False,False
1379,03/22/2021 11:00:06.245,-1,-1,False,False
1380,03/22/2021 11:00:06.259,-1,-1,False,False
1381,03/22/2021 11:00:06.273,-1,-1,False,False
1382,03/22/2021 11:00:06.288,-1,-1,False,False
1383,03/22/2021 11:00:06.302,-1,-1,False,False
1384,03/22/2021 11:00:06.323,-1,-1,False,False
1385,03/22/2021 11:00:06.346,-1,-1,False,False
1386,03/22/2021 11:00:06.369,-1,-1,False,False
1387,03/22/2021 11:00:06.390,-1,-1,False,False
1388,03/22/2021 11:00:06.413,-1,-1,False,False
1389,03/22/2021 11:00:06.436,-1,-1,False,False
1390,03/22/2021 11:00:06.456,-1,-1,False,False
1391,03/22/2021 11:00:06.480,-1,-1,False,False
1392,03/22/2021 11:00:06.500,-1,-1,False,False
1393,03/22/2021 11:00:06.523,-1,-1,False,False
1394,03/22/2021 11:00:06.545,-1,-1,False,False
1395,03/22/2021 11:00:06.567,-1,-1,False,False
1396,03/22/2021 11:00:06.589,-1,-1,False,False
1397,03/22/2021 11:00:06.612,-1,-1,False,False
1398,03/22/2021 11:00:06.635,-1,-1,False,False
1399,03/22/2021 11:00:06.656,-1,-1,False,False
1400,03/22/2021 11:00:06.678,-1,-1,False,False
1401,03/22/2021 11:00:06.701,-1,-1,False,False
1402,03/22/2021 11:00:06.723,-1,-1,False,False
1403,03/22/2021 11:00:06.746,-1,-1,False,False
1404,03/22/2021 11:00:06.768,-1,-1,False,False
1405,03/22/2021 11:00:06.790,-1,-1,False,False
1406,03/22/2021 11:00:06.813,-1,-1,False,False
1407,03/22/2021 11:00:06.834,-1,-1,False,False
1408,03/22/2021 11:00:06.856,-1,-1,False,False
1409,03/22/2021 11:00:06.879,-1,-1,False,False
1410,03/22/2021 11:00:06.901,-1,-1,False,False
1411,03/22/2021 11:00:06.923,-1,-1,False,False
1412,03/22/2021 11:00:06.946,-1,-1,False,False
1413,03/22/2021 11:00:06.968,-1,-1,False,False
1414,03/22/2021 11:00:06.990,-1,-1,False,False
1415,03/22/2021 11:00:07.013,-1,-1,False,False
1416,03/22/2021 11:00:07.034,-1,-1,False,False
1417,03/22/2021 11:00:07.049,-1,-1,False,False
1418,03/22/2021 11:00:07.062,-1,-1,False,False
1419,03/22/2021 11:00:07.076,-1,-1,False,False
1420,03/22/2021 11:00:07.090,-1,-1,False,False
1421,03/22/2021 11:00:07.105,-1,-1,False,False
1422,03/22/2021 11:00:07.121,-1,-1,False,False
1423,03/22/2021 11:00:07.135,-1,-1,False,False
1424,03/22/2021 11:00:07.149,-1,-1,False,False
1425,03/22/2021 11:00:07.163,-1,-1,False,False
1426,03/22/2021 11:00:07.179,-1,-1,False,False
1427,03/22/2021 11:00:07.201,-1,-1,False,False
1428,03/22/2021 11:00:07.222,-1,-1,False,False
1429,03/22/2021 11:00:07.246,-1,-1,False,False
1430,03/22/2021 11:00:07.267,-1,-1,False,False
1431,03/22/2021 11:00:07.291,-1,-1,False,False
1432,03/22/2021 11:00:07.312,-1,-1,False,False
1433,03/22/2021 11:00:07.333,-1,-1,False,False
1434,03/22/2021 11:00:07.358,-1,-1,False,False
1435,03/22/2021 11:00:07.378,-1,-1,False,False
1436,03/22/2021 11:00:07.401,-1,-1,False,False
1437,03/22/2021 11:00:07.423,-1,-1,False,False
1438,03/22/2021 11:00:07.445,-1,-1,False,False
1439,03/22/2021 11:00:07.469,-1,-1,False,False
1440,03/22/2021 11:00:07.491,-1,-1,False,False
1441,03/22/2021 11:00:07.512,-1,-1,False,False
1442,03/22/2021 11:00:07.535,-1,-1,False,False
1443,03/22/2021 11:00:07.556,-1,-1,False,False
1444,03/22/2021 11:00:07.577,-1,-1,False,False
1445,03/22/2021 11:00:07.601,-1,-1,False,False
1446,03/22/2021 11:00:07.623,-1,-1,False,False
1447,03/22/2021 11:00:07.645,-1,-1,False,False
1448,03/22/2021 11:00:07.668,-1,-1,False,False
1449,03/22/2021 11:00:07.691,-1,-1,False,False
1450,03/22/2021 11:00:07.714,-1,-1,False,False
1451,03/22/2021 11:00:07.733,-1,-1,False,False
1452,03/22/2021 11:00:07.757,-1,-1,False,False
1453,03/22/2021 11:00:07.777,-1,-1,False,False
1454,03/22/2021 11:00:07.800,-1,-1,False,False
1455,03/22/2021 11:00:07.823,-1,-1,False,False
1456,03/22/2021 11:00:07.845,-1,-1,False,False
1457,03/22/2021 11:00:07.867,-1,-1,False,False
1458,03/22/2021 11:00:07.889,-1,-1,False,False
1459,03/22/2021 11:00:07.912,-1,-1,False,False
1460,03/22/2021 11:00:07.934,-1,-1,False,False
1461,03/22/2021 11:00:07.956,-1,-1,False,False
1462,03/22/2021 11:00:07.979,-1,-1,False,False
1463,03/22/2021 11:00:08.001,-1,-1,False,False
1464,03/22/2021 11:00:08.022,-1,-1,False,False
1465,03/22/2021 11:00:08.045,-1,-1,False,False
1466,03/22/2021 11:00:08.067,-1,-1,False,False
1467,03/22/2021 11:00:08.090,-1,-1,False,False
1468,03/22/2021 11:00:08.111,-1,-1,False,False
1469,03/22/2021 11:00:08.134,-1,-1,False,False
1470,03/22/2021 11:00:08.156,-1,-1,False,False
1471,03/22/2021 11:00:08.177,-1,-1,False,False
1472,03/22/2021 11:00:08.199,-1,-1,False,False
1473,03/22/2021 11:00:08.223,-1,-1,False,False
1474,03/22/2021 11:00:08.245,-1,-1,False,False
1475,03/22/2021 11:00:08.267,-1,-1,False,False
1476,03/22/2021 11:00:08.288,-1,-1,False,False
1477,03/22/2021 11:00:08.311,-1,-1,False,False
1478,03/22/2021 11:00:08.333,-1,-1,False,False
1479,03/22/2021 11:00:08.356,-1,-1,False,False
1480,03/22/2021 11:00:08.379,-1,-1,False,False
1481,03/22/2021 11:00:08.400,-1,-1,False,False
1482,03/22/2021 11:00:08.421,-1,-1,False,False
1483,03/22/2021 11:00:08.445,-1,-1,False,False
1484,03/22/2021 11:00:08.467,-1,-1,False,False
1485,03/22/2021 11:00:08.489,-1,-1,False,False
1486,03/22/2021 11:00:08.511,-1,-1,False,False
1487,03/22/2021 11:00:08.535,-1,-1,False,False
1488,03/22/2021 11:00:08.558,-1,-1,False,False
1489,03/22/2021 11:00:08.578,-1,-1,False,False
1490,03/22/2021 11:00:08.600,-1,-1,False,False
1491,03/22/2021 11:00:08.621,-1,-1,False,False
1492,03/22/2021 11:00:08.645,-1,-1,False,False
1493,03/22/2021 11:00:08.667,-1,-1,False,False
1494,03/22/2021 11:00:08.689,-1,-1,False,False
1495,03/22/2021 11:00:08.711,-1,-1,False,False
1496,03/22/2021 11:00:08.733,-1,-1,False,False
1497,03/22/2021 11:00:08.756,-1,-1,False,False
1498,03/22/2021 11:00:08.777,-1,-1,False,False
1499,03/22/2021 11:00:08.800,-1,-1,False,False
1500,03/22/2021 11:00:08.823,-1,-1,False,False
1501,03/22/2021 11:00:08.845,-1,-1,False,False
1502,03/22/2021 11:00:08.866,-1,-1,False,False
1503,03/22/2021 11:00:08.889,-1,-1,False,False
1504,03/22/2021 11:00:08.911,-1,-1,False,False
1505,03/22/2021 11:00:08.934,-1,-1,False,False
1506,03/22/2021 11:00:08.955,-1,-1,False,False
1507,03/22/2021 11:00:08.977,-1,-1,False,False
1508,03/22/2021 11:00:09.000,-1,-1,False,False
1509,03/22/2021 11:00:09.023,-1,-1,False,False
1510,03/22/2021 11:00:09.046,-1,-1,False,False
1511,03/22/2021 11:00:09.067,-1,-1,False,False
1512,03/22/2021 11:00:09.089,-1,-1,False,False
1513,03/22/2021 11:00:09.111,-1,-1,False,False
1514,03/22/2021 11:00:09.135,-1,-1,False,False
1515,03/22/2021 11:00:09.157,-1,-1,False,False
1516,03/22/2021 11:00:09.177,-1,-1,False,False
1517,03/22/2021 11:00:09.201,-1,-1,False,False
1518,03/22/2021 11:00:09.221,-1,-1,False,False
1519,03/22/2021 11:00:09.245,-1,-1,False,False
1520,03/22/2021 11:00:09.266,-1,-1,False,False
1521,03/22/2021 11:00:09.288,-1,-1,False,False
1522,03/22/2021 11:00:09.311,-1,-1,False,False
1523,03/22/2021 11:00:09.333,-1,-1,False,False
1524,03/22/2021 11:00:09.355,-1,-1,False,False
1525,03/22/2021 11:00:09.379,-1,-1,False,False
1526,03/22/2021 11:00:09.400,-1,-1,False,False
1527,03/22/2021 11:00:09.421,-1,-1,False,False
1528,03/22/2021 11:00:09.444,-1,-1,False,False
1529,03/22/2021 11:00:09.467,-1,-1,False,False
1530,03/22/2021 11:00:09.490,-1,-1,False,False
1531,03/22/2021 11:00:09.511,-1,-1,False,False
1532,03/22/2021 11:00:09.533,-1,-1,False,False
1533,03/22/2021 11:00:09.556,-1,-1,False,False
1534,03/22/2021 11:00:09.578,-1,-1,False,False
1535,03/22/2021 11:00:09.599,-1,-1,False,False
1536,03/22/2021 11:00:09.622,-1,-1,False,False
1537,03/22/2021 11:00:09.645,-1,-1,False,False
1538,03/22/2021 11:00:09.666,-1,-1,False,False
1539,03/22/2021 11:00:09.689,-1,-1,False,False
1540,03/22/2021 11:00:09.711,-1,-1,False,False
1541,03/22/2021 11:00:09.734,-1,-1,False,False
1542,03/22/2021 11:00:09.756,-1,-1,False,False
1543,03/22/2021 11:00:09.777,-1,-1,False,False
1544,03/22/2021 11:00:09.800,-1,-1,False,False
1545,03/22/2021 11:00:09.822,-1,-1,False,False
1546,03/22/2021 11:00:09.844,-1,-1,False,False
1547,03/22/2021 11:00:09.867,-1,-1,False,False
1548,03/22/2021 11:00:09.888,-1,-1,False,False
1549,03/22/2021 11:00:09.911,-1,-1,False,False
1550,03/22/2021 11:00:09.933,-1,-1,False,False
1551,03/22/2021 11:00:09.955,-1,-1,False,False
1552,03/22/2021 11:00:09.977,-1,-1,False,False
1553,03/22/2021 11:00:10.001,-1,-1,False,False
1554,03/22/2021 11:00:10.022,-1,-1,False,False
1555,03/22/2021 11:00:10.045,-1,-1,False,False
1556,03/22/2021 11:00:10.066,-1,-1,False,False
1557,03/22/2021 11:00:10.089,-1,-1,False,False
1558,03/22/2021 11:00:10.110,-1,-1,False,False
1559,03/22/2021 11:00:10.134,-1,-1,False,False
1560,03/22/2021 11:00:10.155,-1,-1,False,False
1561,03/22/2021 11:00:10.177,-1,-1,False,False
1562,03/22/2021 11:00:10.198,-1,-1,False,False
1563,03/22/2021 11:00:10.221,-1,-1,False,False
1564,03/22/2021 11:00:10.244,-1,-1,False,False
1565,03/22/2021 11:00:10.265,-1,-1,False,False
1566,03/22/2021 11:00:10.289,-1,-1,False,False
1567,03/22/2021 11:00:10.310,-1,-1,False,False
1568,03/22/2021 11:00:10.332,-1,-1,False,False
1569,03/22/2021 11:00:10.355,-1,-1,False,False
1570,03/22/2021 11:00:10.377,-1,-1,False,False
1571,03/22/2021 11:00:10.399,-1,-1,False,False
1572,03/22/2021 11:00:10.421,-1,-1,False,False
1573,03/22/2021 11:00:10.444,-1,-1,False,False
1574,03/22/2021 11:00:10.466,-1,-1,False,False
1575,03/22/2021 11:00:10.488,-1,-1,False,False
1576,03/22/2021 11:00:10.510,-1,-1,False,False
1577,03/22/2021 11:00:10.532,-1,-1,False,False
1578,03/22/2021 11:00:10.555,-1,-1,False,False
1579,03/22/2021 11:00:10.576,-1,-1,False,False
1580,03/22/2021 11:00:10.598,-1,-1,False,False
1581,03/22/2021 11:00:10.621,-1,-1,False,False
1582,03/22/2021 11:00:10.644,-1,-1,False,False
1583,03/22/2021 11:00:10.666,-1,-1,False,False
1584,03/22/2021 11:00:10.689,-1,-1,False,False
1585,03/22/2021 11:00:10.711,-1,-1,False,False
1586,03/22/2021 11:00:10.732,-1,-1,False,False
1587,03/22/2021 11:00:10.756,-1,-1,False,False
1588,03/22/2021 11:00:10.778,-1,-1,False,False
1589,03/22/2021 11:00:10.799,-1,-1,False,False
1590,03/22/2021 11:00:10.822,-1,-1,False,False
1591,03/22/2021 11:00:10.843,-1,-1,False,False
1592,03/22/2021 11:00:10.867,-1,-1,False,False
1593,03/22/2021 11:00:10.888,-1,-1,False,False
1594,03/22/2021 11:00:10.910,-1,-1,False,False
1595,03/22/2021 11:00:10.933,-1,-1,False,False
1596,03/22/2021 11:00:10.956,-1,-1,False,False
1597,03/22/2021 11:00:10.977,-1,-1,False,False
1598,03/22/2021 11:00:10.999,-1,-1,False,False
1599,03/22/2021 11:00:11.022,-1,-1,False,False
1600,03/22/2021 11:00:11.043,-1,-1,False,False
1601,03/22/2021 11:00:11.065,-1,-1,False,False
1602,03/22/2021 11:00:11.089,-1,-1,False,False
1603,03/22/2021 11:00:11.109,-1,-1,False,False
1604,03/22/2021 11:00:11.132,-1,-1,False,False
1605,03/22/2021 11:00:11.154,-1,-1,False,False
1606,03/22/2021 11:00:11.177,-1,-1,False,False
1607,03/22/2021 11:00:11.199,-1,-1,False,False
1608,03/22/2021 11:00:11.221,-1,-1,False,False
1609,03/22/2021 11:00:11.243,-1,-1,False,False
1610,03/22/2021 11:00:11.265,-1,-1,False,False
1611,03/22/2021 11:00:11.288,-1,-1,False,False
1612,03/22/2021 11:00:11.309,-1,-1,False,False
1613,03/22/2021 11:00:11.332,-1,-1,False,False
1614,03/22/2021 11:00:11.354,-1,-1,False,False
1615,03/22/2021 11:00:11.377,-1,-1,False,False
1616,03/22/2021 11:00:11.399,-1,-1,False,False
1617,03/22/2021 11:00:11.422,-1,-1,False,False
1618,03/22/2021 11:00:11.444,-1,-1,False,False
1619,03/22/2021 11:00:11.466,-1,-1,False,False
1620,03/22/2021 11:00:11.487,-1,-1,False,False
1621,03/22/2021 11:00:11.510,-1,-1,False,False
1622,03/22/2021 11:00:11.531,-1,-1,False,False
1623,03/22/2021 11:00:11.554,-1,-1,False,False
1624,03/22/2021 11:00:11.577,-1,-1,False,False
1625,03/22/2021 11:00:11.599,-1,-1,False,False
1626,03/22/2021 11:00:11.620,-1,-1,False,False
1627,03/22/2021 11:00:11.645,-1,-1,False,False
1628,03/22/2021 11:00:11.666,-1,-1,False,False
1629,03/22/2021 11:00:11.687,-1,-1,False,False
1630,03/22/2021 11:00:11.710,-1,-1,False,False
1631,03/22/2021 11:00:11.732,-1,-1,False,False
1632,03/22/2021 11:00:11.755,-1,-1,False,False
1633,03/22/2021 11:00:11.778,-1,-1,False,False
1634,03/22/2021 11:00:11.799,-1,-1,False,False
1635,03/22/2021 11:00:11.822,-1,-1,False,False
1636,03/22/2021 11:00:11.844,-1,-1,False,False
1637,03/22/2021 11:00:11.864,-1,-1,False,False
1638,03/22/2021 11:00:11.887,-1,-1,False,False
1639,03/22/2021 11:00:11.909,-1,-1,False,False
1640,03/22/2021 11:00:11.932,-1,-1,False,False
1641,03/22/2021 11:00:11.954,-1,-1,False,False
1642,03/22/2021 11:00:11.976,-1,-1,False,False
1643,03/22/2021 11:00:11.999,-1,-1,False,False
1644,03/22/2021 11:00:12.021,-1,-1,False,False
1645,03/22/2021 11:00:12.043,-1,-1,False,False
1646,03/22/2021 11:00:12.065,-1,-1,False,False
1647,03/22/2021 11:00:12.088,-1,-1,False,False
1648,03/22/2021 11:00:12.111,-1,-1,False,False
1649,03/22/2021 11:00:12.133,-1,-1,False,False
1650,03/22/2021 11:00:12.155,-1,-1,False,False
1651,03/22/2021 11:00:12.177,-1,-1,False,False
1652,03/22/2021 11:00:12.201,-1,-1,False,False
1653,03/22/2021 11:00:12.221,-1,-1,False,False
1654,03/22/2021 11:00:12.244,-1,-1,False,False
1655,03/22/2021 11:00:12.265,-1,-1,False,False
1656,03/22/2021 11:00:12.288,-1,-1,False,False
1657,03/22/2021 11:00:12.309,-1,-1,False,False
1658,03/22/2021 11:00:12.331,-1,-1,False,False
1659,03/22/2021 11:00:12.355,-1,-1,False,False
1660,03/22/2021 11:00:12.377,-1,-1,False,False
1661,03/22/2021 11:00:12.398,-1,-1,False,False
1662,03/22/2021 11:00:12.422,-1,-1,False,False
1663,03/22/2021 11:00:12.443,-1,-1,False,False
1664,03/22/2021 11:00:12.466,-1,-1,False,False
1665,03/22/2021 11:00:12.487,-1,-1,False,False
1666,03/22/2021 11:00:12.509,-1,-1,False,False
1667,03/22/2021 11:00:12.532,-1,-1,False,False
1668,03/22/2021 11:00:12.553,-1,-1,False,False
1669,03/22/2021 11:00:12.576,-1,-1,False,False
1670,03/22/2021 11:00:12.598,-1,-1,False,False
1671,03/22/2021 11:00:12.620,-1,-1,False,False
1672,03/22/2021 11:00:12.643,-1,-1,False,False
1673,03/22/2021 11:00:12.666,-1,-1,False,False
1674,03/22/2021 11:00:12.687,-1,-1,False,False
1675,03/22/2021 11:00:12.712,-1,-1,False,False
1676,03/22/2021 11:00:12.733,-1,-1,False,False
1677,03/22/2021 11:00:12.754,-1,-1,False,False
1678,03/22/2021 11:00:12.777,-1,-1,False,False
1679,03/22/2021 11:00:12.799,-1,-1,False,False
1680,03/22/2021 11:00:12.821,-1,-1,False,False
1681,03/22/2021 11:00:12.843,-1,-1,False,False
1682,03/22/2021 11:00:12.865,-1,-1,False,False
1683,03/22/2021 11:00:12.887,-1,-1,False,False
1684,03/22/2021 11:00:12.909,-1,-1,False,False
1685,03/22/2021 11:00:12.931,-1,-1,False,False
1686,03/22/2021 11:00:12.953,-1,-1,False,False
1687,03/22/2021 11:00:12.976,-1,-1,False,False
1688,03/22/2021 11:00:12.998,-1,-1,False,False
1689,03/22/2021 11:00:13.021,-1,-1,False,False
1690,03/22/2021 11:00:13.043,-1,-1,False,False
1691,03/22/2021 11:00:13.065,-1,-1,False,False
1692,03/22/2021 11:00:13.089,-1,-1,False,False
1693,03/22/2021 11:00:13.111,-1,-1,False,False
1694,03/22/2021 11:00:13.132,-1,-1,False,False
1695,03/22/2021 11:00:13.154,-1,-1,False,False
1696,03/22/2021 11:00:13.177,-1,-1,False,False
1697,03/22/2021 11:00:13.200,-1,-1,False,False
1698,03/22/2021 11:00:13.221,-1,-1,False,False
1699,03/22/2021 11:00:13.243,-1,-1,False,False
1700,03/22/2021 11:00:13.264,-1,-1,False,False
1701,03/22/2021 11:00:13.287,-1,-1,False,False
1702,03/22/2021 11:00:13.310,-1,-1,False,False
1703,03/22/2021 11:00:13.332,-1,-1,False,False
1704,03/22/2021 11:00:13.354,-1,-1,False,False
1705,03/22/2021 11:00:13.376,-1,-1,False,False
1706,03/22/2021 11:00:13.398,-1,-1,False,False
1707,03/22/2021 11:00:13.421,-1,-1,False,False
1708,03/22/2021 11:00:13.443,-1,-1,False,False
1709,03/22/2021 11:00:13.465,-1,-1,False,False
1710,03/22/2021 11:00:13.487,-1,-1,False,False
1711,03/22/2021 11:00:13.510,-1,-1,False,False
1712,03/22/2021 11:00:13.531,-1,-1,False,False
1713,03/22/2021 11:00:13.554,-1,-1,False,False
1714,03/22/2021 11:00:13.575,-1,-1,False,False
1715,03/22/2021 11:00:13.599,-1,-1,False,False
1716,03/22/2021 11:00:13.621,-1,-1,False,False
1717,03/22/2021 11:00:13.642,-1,-1,False,False
1718,03/22/2021 11:00:13.665,-1,-1,False,False
1719,03/22/2021 11:00:13.687,-1,-1,False,False
1720,03/22/2021 11:00:13.710,-1,-1,False,False
1721,03/22/2021 11:00:13.732,-1,-1,False,False
1722,03/22/2021 11:00:13.755,-1,-1,False,False
1723,03/22/2021 11:00:13.776,-1,-1,False,False
1724,03/22/2021 11:00:13.797,-1,-1,False,False
1725,03/22/2021 11:00:13.820,-1,-1,False,False
1726,03/22/2021 11:00:13.842,-1,-1,False,False
1727,03/22/2021 11:00:13.865,-1,-1,False,False
1728,03/22/2021 11:00:13.888,-1,-1,False,False
1729,03/22/2021 11:00:13.910,-1,-1,False,False
1730,03/22/2021 11:00:13.931,-1,-1,False,False
1731,03/22/2021 11:00:13.953,-1,-1,False,False
1732,03/22/2021 11:00:13.978,-1,-1,False,False
1733,03/22/2021 11:00:13.999,-1,-1,False,False
1734,03/22/2021 11:00:14.020,-1,-1,False,False
1735,03/22/2021 11:00:14.042,-1,-1,False,False
1736,03/22/2021 11:00:14.064,-1,-1,False,False
1737,03/22/2021 11:00:14.086,-1,-1,False,False
1738,03/22/2021 11:00:14.110,-1,-1,False,False
1739,03/22/2021 11:00:14.132,-1,-1,False,False
1740,03/22/2021 11:00:14.154,-1,-1,False,False
1741,03/22/2021 11:00:14.177,-1,-1,False,False
1742,03/22/2021 11:00:14.199,-1,-1,False,False
1743,03/22/2021 11:00:14.220,-1,-1,False,False
1744,03/22/2021 11:00:14.242,-1,-1,False,False
1745,03/22/2021 11:00:14.263,-1,-1,False,False
1746,03/22/2021 11:00:14.288,-1,-1,False,False
1747,03/22/2021 11:00:14.309,-1,-1,False,False
1748,03/22/2021 11:00:14.331,-1,-1,False,False
1749,03/22/2021 11:00:14.354,-1,-1,False,False
1750,03/22/2021 11:00:14.376,-1,-1,False,False
1751,03/22/2021 11:00:14.398,-1,-1,False,False
1752,03/22/2021 11:00:14.420,-1,-1,False,False
1753,03/22/2021 11:00:14.444,-1,-1,False,False
1754,03/22/2021 11:00:14.465,-1,-1,False,False
1755,03/22/2021 11:00:14.487,-1,-1,False,False
1756,03/22/2021 11:00:14.509,-1,-1,False,False
1757,03/22/2021 11:00:14.531,-1,-1,False,False
1758,03/22/2021 11:00:14.554,-1,-1,False,False
1759,03/22/2021 11:00:14.575,-1,-1,False,False
1760,03/22/2021 11:00:14.598,-1,-1,False,False
1761,03/22/2021 11:00:14.620,-1,-1,False,False
1762,03/22/2021 11:00:14.641,-1,-1,False,False
1763,03/22/2021 11:00:14.664,-1,-1,False,False
1764,03/22/2021 11:00:14.686,-1,-1,False,False
1765,03/22/2021 11:00:14.708,-1,-1,False,False
1766,03/22/2021 11:00:14.731,-1,-1,False,False
1767,03/22/2021 11:00:14.753,-1,-1,False,False
1768,03/22/2021 11:00:14.776,-1,-1,False,False
1769,03/22/2021 11:00:14.797,-1,-1,False,False
1770,03/22/2021 11:00:14.821,-1,-1,False,False
1771,03/22/2021 11:00:14.842,-1,-1,False,False
1772,03/22/2021 11:00:14.865,-1,-1,False,False
1773,03/22/2021 11:00:14.885,-1,-1,False,False
1774,03/22/2021 11:00:14.909,-1,-1,False,False
1775,03/22/2021 11:00:14.932,-1,-1,False,False
1776,03/22/2021 11:00:14.953,-1,-1,False,False
1777,03/22/2021 11:00:14.976,-1,-1,False,False
1778,03/22/2021 11:00:14.998,-1,-1,False,False
1779,03/22/2021 11:00:15.019,-1,-1,False,False
1780,03/22/2021 11:00:15.042,-1,-1,False,False
1781,03/22/2021 11:00:15.064,-1,-1,False,False
1782,03/22/2021 11:00:15.086,-1,-1,False,False
1783,03/22/2021 11:00:15.108,-1,-1,False,False
1784,03/22/2021 11:00:15.131,-1,-1,False,False
1785,03/22/2021 11:00:15.153,-1,-1,False,False
1786,03/22/2021 11:00:15.176,-1,-1,False,False
1787,03/22/2021 11:00:15.198,-1,-1,False,False
1788,03/22/2021 11:00:15.220,-1,-1,False,False
1789,03/22/2021 11:00:15.243,-1,-1,False,False
1790,03/22/2021 11:00:15.262,-1,-1,False,False
1791,03/22/2021 11:00:15.286,-1,-1,False,False
1792,03/22/2021 11:00:15.308,-1,-1,False,False
1793,03/22/2021 11:00:15.331,-1,-1,False,False
1794,03/22/2021 11:00:15.353,-1,-1,False,False
1795,03/22/2021 11:00:15.374,-1,-1,False,False
1796,03/22/2021 11:00:15.398,-1,-1,False,False
1797,03/22/2021 11:00:15.420,-1,-1,False,False
1798,03/22/2021 11:00:15.442,-1,-1,False,False
1799,03/22/2021 11:00:15.463,-1,-1,False,False
1800,03/22/2021 11:00:15.486,-1,-1,False,False
1801,03/22/2021 11:00:15.508,-1,-1,False,False
1802,03/22/2021 11:00:15.530,-1,-1,False,False
1803,03/22/2021 11:00:15.553,-1,-1,False,False
1804,03/22/2021 11:00:15.574,-1,-1,False,False
1805,03/22/2021 11:00:15.597,-1,-1,False,False
1806,03/22/2021 11:00:15.619,-1,-1,False,False
1807,03/22/2021 11:00:15.641,-1,-1,False,False
1808,03/22/2021 11:00:15.664,-1,-1,False,False
1809,03/22/2021 11:00:15.686,-1,-1,False,False
1810,03/22/2021 11:00:15.708,-1,-1,False,False
1811,03/22/2021 11:00:15.730,-1,-1,False,False
1812,03/22/2021 11:00:15.753,-1,-1,False,False
1813,03/22/2021 11:00:15.775,-1,-1,False,False
1814,03/22/2021 11:00:15.797,-1,-1,False,False
1815,03/22/2021 11:00:15.819,-1,-1,False,False
1816,03/22/2021 11:00:15.842,-1,-1,False,False
1817,03/22/2021 11:00:15.865,-1,-1,False,False
1818,03/22/2021 11:00:15.885,-1,-1,False,False
1819,03/22/2021 11:00:15.907,-1,-1,False,False
1820,03/22/2021 11:00:15.931,-1,-1,False,False
1821,03/22/2021 11:00:15.952,-1,-1,False,False
1822,03/22/2021 11:00:15.976,-1,-1,False,False
1823,03/22/2021 11:00:15.998,-1,-1,False,False
1824,03/22/2021 11:00:16.018,-1,-1,False,False
1825,03/22/2021 11:00:16.041,-1,-1,False,False
1826,03/22/2021 11:00:16.064,-1,-1,False,False
1827,03/22/2021 11:00:16.085,-1,-1,False,False
1828,03/22/2021 11:00:16.108,-1,-1,False,False
1829,03/22/2021 11:00:16.130,-1,-1,False,False
1830,03/22/2021 11:00:16.153,-1,-1,False,False
1831,03/22/2021 11:00:16.174,-1,-1,False,False
1832,03/22/2021 11:00:16.199,-1,-1,False,False
1833,03/22/2021 11:00:16.220,-1,-1,False,False
1834,03/22/2021 11:00:16.242,-1,-1,False,False
1835,03/22/2021 11:00:16.263,-1,-1,False,False
1836,03/22/2021 11:00:16.286,-1,-1,False,False
1837,03/22/2021 11:00:16.309,-1,-1,False,False
1838,03/22/2021 11:00:16.331,-1,-1,False,False
1839,03/22/2021 11:00:16.352,-1,-1,False,False
1840,03/22/2021 11:00:16.374,-1,-1,False,False
1841,03/22/2021 11:00:16.396,-1,-1,False,False
1842,03/22/2021 11:00:16.419,-1,-1,False,False
1843,03/22/2021 11:00:16.440,-1,-1,False,False
1844,03/22/2021 11:00:16.464,-1,-1,False,False
1845,03/22/2021 11:00:16.484,-1,-1,False,False
1846,03/22/2021 11:00:16.508,-1,-1,False,False
1847,03/22/2021 11:00:16.530,-1,-1,False,False
1848,03/22/2021 11:00:16.552,-1,-1,False,False
1849,03/22/2021 11:00:16.574,-1,-1,False,False
1850,03/22/2021 11:00:16.596,-1,-1,False,False
1851,03/22/2021 11:00:16.619,-1,-1,False,False
1852,03/22/2021 11:00:16.642,-1,-1,False,False
1853,03/22/2021 11:00:16.665,-1,-1,False,False
1854,03/22/2021 11:00:16.686,-1,-1,False,False
1855,03/22/2021 11:00:16.709,-1,-1,False,False
1856,03/22/2021 11:00:16.730,-1,-1,False,False
1857,03/22/2021 11:00:16.751,-1,-1,False,False
1858,03/22/2021 11:00:16.776,-1,-1,False,False
1859,03/22/2021 11:00:16.796,-1,-1,False,False
1860,03/22/2021 11:00:16.819,-1,-1,False,False
1861,03/22/2021 11:00:16.842,-1,-1,False,False
1862,03/22/2021 11:00:16.863,-1,-1,False,False
1863,03/22/2021 11:00:16.886,-1,-1,False,False
1864,03/22/2021 11:00:16.908,-1,-1,False,False
1865,03/22/2021 11:00:16.930,-1,-1,False,False
1866,03/22/2021 11:00:16.952,-1,-1,False,False
1867,03/22/2021 11:00:16.973,-1,-1,False,False
1868,03/22/2021 11:00:16.996,-1,-1,False,False
1869,03/22/2021 11:00:17.026,-1,-1,False,False
1870,03/22/2021 11:00:17.041,-1,-1,False,False
1871,03/22/2021 11:00:17.064,-1,-1,False,False
1872,03/22/2021 11:00:17.086,-1,-1,False,False
1873,03/22/2021 11:00:17.108,-1,-1,False,False
1874,03/22/2021 11:00:17.130,-1,-1,False,False
1875,03/22/2021 11:00:17.152,-1,-1,False,False
1876,03/22/2021 11:00:17.174,-1,-1,False,False
1877,03/22/2021 11:00:17.199,-1,-1,False,False
1878,03/22/2021 11:00:17.219,-1,-1,False,False
1879,03/22/2021 11:00:17.242,-1,-1,False,False
1880,03/22/2021 11:00:17.263,-1,-1,False,False
1881,03/22/2021 11:00:17.286,-1,-1,False,False
1882,03/22/2021 11:00:17.308,-1,-1,False,False
1883,03/22/2021 11:00:17.331,-1,-1,False,False
1884,03/22/2021 11:00:17.352,-1,-1,False,False
1885,03/22/2021 11:00:17.374,-1,-1,False,False
1886,03/22/2021 11:00:17.397,-1,-1,False,False
1887,03/22/2021 11:00:17.418,-1,-1,False,False
1888,03/22/2021 11:00:17.441,-1,-1,False,False
1889,03/22/2021 11:00:17.463,-1,-1,False,False
1890,03/22/2021 11:00:17.486,-1,-1,False,False
1891,03/22/2021 11:00:17.508,-1,-1,False,False
1892,03/22/2021 11:00:17.530,-1,-1,False,False
1893,03/22/2021 11:00:17.552,-1,-1,False,False
1894,03/22/2021 11:00:17.574,-1,-1,False,False
1895,03/22/2021 11:00:17.596,-1,-1,False,False
1896,03/22/2021 11:00:17.618,-1,-1,False,False
1897,03/22/2021 11:00:17.641,-1,-1,False,False
1898,03/22/2021 11:00:17.662,-1,-1,False,False
1899,03/22/2021 11:00:17.686,-1,-1,False,False
1900,03/22/2021 11:00:17.708,-1,-1,False,False
1901,03/22/2021 11:00:17.729,-1,-1,False,False
1902,03/22/2021 11:00:17.752,-1,-1,False,False
1903,03/22/2021 11:00:17.776,-1,-1,False,False
1904,03/22/2021 11:00:17.796,-1,-1,False,False
1905,03/22/2021 11:00:17.819,-1,-1,False,False
1906,03/22/2021 11:00:17.840,-1,-1,False,False
1907,03/22/2021 11:00:17.864,-1,-1,False,False
1908,03/22/2021 11:00:17.887,-1,-1,False,False
1909,03/22/2021 11:00:17.907,-1,-1,False,False
1910,03/22/2021 11:00:17.930,-1,-1,False,False
1911,03/22/2021 11:00:17.953,-1,-1,False,False
1912,03/22/2021 11:00:17.974,-1,-1,False,False
1913,03/22/2021 11:00:17.996,-1,-1,False,False
1914,03/22/2021 11:00:18.019,-1,-1,False,False
1915,03/22/2021 11:00:18.041,-1,-1,False,False
1916,03/22/2021 11:00:18.063,-1,-1,False,False
1917,03/22/2021 11:00:18.085,-1,-1,False,False
1918,03/22/2021 11:00:18.107,-1,-1,False,False
1919,03/22/2021 11:00:18.130,-1,-1,False,False
1920,03/22/2021 11:00:18.151,-1,-1,False,False
1921,03/22/2021 11:00:18.176,-1,-1,False,False
1922,03/22/2021 11:00:18.197,-1,-1,False,False
1923,03/22/2021 11:00:18.219,-1,-1,False,False
1924,03/22/2021 11:00:18.241,-1,-1,False,False
1925,03/22/2021 11:00:18.262,-1,-1,False,False
1926,03/22/2021 11:00:18.286,-1,-1,False,False
1927,03/22/2021 11:00:18.309,-1,-1,False,False
1928,03/22/2021 11:00:18.330,-1,-1,False,False
1929,03/22/2021 11:00:18.351,-1,-1,False,False
1930,03/22/2021 11:00:18.374,-1,-1,False,False
1931,03/22/2021 11:00:18.396,-1,-1,False,False
1932,03/22/2021 11:00:18.418,-1,-1,False,False
1933,03/22/2021 11:00:18.440,-1,-1,False,False
1934,03/22/2021 11:00:18.463,-1,-1,False,False
1935,03/22/2021 11:00:18.486,-1,-1,False,False
1936,03/22/2021 11:00:18.508,-1,-1,False,False
1937,03/22/2021 11:00:18.530,-1,-1,False,False
1938,03/22/2021 11:00:18.551,-1,-1,False,False
1939,03/22/2021 11:00:18.574,-1,-1,False,False
1940,03/22/2021 11:00:18.596,-1,-1,False,False
1941,03/22/2021 11:00:18.620,-1,-1,False,False
1942,03/22/2021 11:00:18.642,-1,-1,False,False
1943,03/22/2021 11:00:18.662,-1,-1,False,False
1944,03/22/2021 11:00:18.684,-1,-1,False,False
1945,03/22/2021 11:00:18.707,-1,-1,False,False
1946,03/22/2021 11:00:18.731,-1,-1,False,False
1947,03/22/2021 11:00:18.751,-1,-1,False,False
1948,03/22/2021 11:00:18.774,-1,-1,False,False
1949,03/22/2021 11:00:18.798,-1,-1,False,False
1950,03/22/2021 11:00:18.819,-1,-1,False,False
1951,03/22/2021 11:00:18.841,-1,-1,False,False
1952,03/22/2021 11:00:18.863,-1,-1,False,False
Final, 1953
